一帆風順,pos
一帆風順的,pos
一流,pos
一致,pos
一致的,pos
了不起,pos
了不起的,pos
瞭解,pos
人性,pos
人性的,pos
人格高尚,pos
人格高尚的,pos
人情,pos
人情味,pos
入神,pos
入神的,pos
入迷,pos
入迷的,pos
上好,pos
上好的,pos
上等,pos
上等的,pos
口頭通過,pos
大方,pos
大方的,pos
大無畏,pos
大無畏的,pos
大量的,pos
大膽,pos
大膽的,pos
小天使,pos
小心,pos
小心的,pos
小心謹慎,pos
小心謹慎的,pos
工整,pos
工整的,pos
才氣,pos
才能,pos
才智,pos
才幹,pos
才藝,pos
不凡,pos
不凡的,pos
不凡的人,pos
不可名狀,pos
不可名狀的,pos
不可否認,pos
不可否認的,pos
不可侵犯,pos
不可侵犯的,pos
不可思議,pos
不可思議的,pos
不任性,pos
不任性的,pos
不成為問題,pos
不成為問題的,pos
不自私,pos
不自私的,pos
不含糊,pos
不含糊的,pos
不受約束,pos
不受約束的,pos
不屈不撓,pos
不屈不撓的,pos
不屈服,pos
不屈服的,pos
不拘泥,pos
不拘泥的,pos
不迫,pos
不偏不倚,pos
不偏不倚地,pos
不偏不倚的,pos
不動搖,pos
不動搖的,pos
不猶豫,pos
不猶豫的,pos
不慌忙,pos
不慌忙的,pos
不會弄錯,pos
不會弄錯的,pos
不會受傷害,pos
不會受傷害的,pos
不懈,pos
中和,pos
中肯,pos
中肯的,pos
井然有序,pos
井然有序的,pos
互助,pos
互助的,pos
互相密合著,pos
互相密合著的,pos
仁慈,pos
仁慈的,pos
允諾,pos
內行,pos
內行的,pos
公平,pos
公平地,pos
公平的,pos
公正,pos
公正地,pos
公正的,pos
公開,pos
公開的,pos
分寸,pos
切實,pos
切實的,pos
切題,pos
切題的,pos
勻稱,pos
勻稱的,pos
升起,pos
友好,pos
友好的,pos
友善,pos
友善的,pos
友愛,pos
友愛的,pos
友誼,pos
及格,pos
天才,pos
天才人物,pos
天使,pos
天使的,pos
天使般的人,pos
天真,pos
天真的,pos
天真無邪,pos
天堂,pos
天然,pos
天然的,pos
天資,pos
天賦,pos
引人注目,pos
引人注目的,pos
引人讚美,pos
引人讚美的人,pos
引以為榮,pos
引以為榮的事物,pos
心甘情願,pos
心甘情願的,pos
心情愉快,pos
心情愉快的,pos
心情舒暢,pos
心情舒暢的,pos
心愛,pos
心愛的,pos
心滿意足,pos
心滿意足地注視,pos
心醉,pos
心醉神迷,pos
手藝,pos
支援,pos
文雅,pos
文雅的,pos
方便,pos
方便的,pos
比較好,pos
主動,pos
主動的,pos
令人高興,pos
令人高興的,pos
令人喜悅,pos
令人喜悅的,pos
令人愉快,pos
令人愉快的,pos
令人欽佩,pos
令人欽佩的,pos
令人滿意,pos
令人滿意地,pos
令人滿意的,pos
令人難忘,pos
令人難忘的,pos
令人驚奇,pos
令人驚奇的,pos
充分,pos
充份,pos
充份的,pos
充沛,pos
充足,pos
充足的,pos
充裕,pos
充滿深情,pos
充滿深情的,pos
出名,pos
出名的,pos
出色,pos
出色的,pos
出神,pos
出神的,pos
出眾,pos
出眾的,pos
加薪,pos
功績,pos
去除,pos
可瞭解,pos
可瞭解的,pos
可口,pos
可口的,pos
可以接受,pos
可以接受的,pos
可用,pos
可用的,pos
可行,pos
可行的,pos
可忍受,pos
可忍受的,pos
可取,pos
可取的,pos
可信,pos
可信任,pos
可信任的,pos
可信的,pos
可信賴,pos
可信賴性,pos
可信賴的,pos
可理解,pos
可理解的,pos
可喜,pos
可喜的,pos
可尊敬,pos
可尊敬的,pos
可欽佩,pos
可欽佩的,pos
可貴,pos
可貴的,pos
可愛,pos
可愛地,pos
可愛的,pos
可敬,pos
可敬的,pos
可敬重,pos
可敬重的,pos
可經營,pos
可經營的,pos
可實行,pos
可實行的,pos
可稱讚,pos
可稱讚的,pos
可靠,pos
可靠性,pos
可靠的,pos
可靠程度,pos
可親,pos
可攜帶,pos
可攜帶的,pos
古典,pos
古典的,pos
古雅,pos
古雅的,pos
叮囑,pos
巨大,pos
巨大的,pos
巧妙,pos
巧妙的,pos
平安,pos
平安的,pos
平坦,pos
平坦的,pos
平息,pos
平等,pos
平整,pos
平衡,pos
平靜,pos
平靜的,pos
平穩,pos
平穩的,pos
必要,pos
打趣,pos
本著良心,pos
本著良心的,pos
未被污染,pos
未被污染的,pos
正大,pos
正式,pos
正式批准,pos
正式的,pos
正直,pos
正直的,pos
正派,pos
正派的,pos
正面,pos
正面地,pos
正常,pos
正常的,pos
正統,pos
正規,pos
正規的,pos
正當,pos
正當的,pos
正義,pos
正義的,pos
正道,pos
正確,pos
正確地,pos
正確性,pos
正確的,pos
永恆,pos
永恆的,pos
甘願,pos
甘願的,pos
生育,pos
生效,pos
生效的,pos
生氣勃勃,pos
生氣勃勃地,pos
生動,pos
生動的,pos
生產,pos
生產多,pos
生產多的,pos
用功,pos
由衷,pos
由衷的高興,pos
目眩,pos
伊甸園,pos
休息,pos
光芒,pos
光芒四射,pos
光芒四射的,pos
光明,pos
光明的,pos
光亮,pos
光亮的,pos
光彩,pos
光滑,pos
光滑的,pos
光榮,pos
光榮的,pos
光輝,pos
光輝的,pos
光澤,pos
先見之明,pos
全力,pos
全力的,pos
全面,pos
全面的,pos
全神貫注,pos
全神貫注的,pos
吉利,pos
吉利的,pos
吉祥,pos
吉祥的,pos
同情,pos
同情心,pos
同意,pos
同意給予,pos
同感,pos
名聲,pos
名譽,pos
合乎,pos
合乎情理,pos
合乎情理的,pos
合乎衛生,pos
合乎衛生的,pos
合乎邏輯,pos
合乎邏輯的,pos
合作,pos
合作的,pos
合宜,pos
合法,pos
合法性,pos
合法的,pos
合格,pos
合理,pos
合理的,pos
合意,pos
合意的,pos
合群,pos
合適,pos
合適地,pos
合適的,pos
吃苦,pos
吃苦耐勞,pos
在乎,pos
在意,pos
在贊成方面,pos
多才多藝,pos
多才多藝的,pos
多產,pos
多產的,pos
多智,pos
多智的,pos
多趣,pos
多趣的,pos
好天氣,pos
好吃,pos
好吃的,pos
好事,pos
好奇,pos
好奇的,pos
好客,pos
好客的,pos
好笑,pos
好笑的,pos
好追根究底,pos
好追根究底的,pos
好意,pos
好意地,pos
好運,pos
好運的,pos
好辦法,pos
如畫,pos
如畫的,pos
守法,pos
守法的,pos
安全,pos
安全的,pos
安定,pos
安逸,pos
安逸的,pos
安詳,pos
安詳的,pos
安寧,pos
安寧的,pos
安慰,pos
安適,pos
安適的,pos
安靜,pos
安靜的,pos
安穩,pos
成功,pos
成功的,pos
成長,pos
成為,pos
成就,pos
成熟,pos
成熟的,pos
收穫,pos
有力,pos
有力的,pos
有才氣,pos
有才氣的,pos
有才能,pos
有才能的,pos
有才智,pos
有才智的,pos
有才幹,pos
有才幹的,pos
有才幹的人,pos
有分寸,pos
有分寸的,pos
有天才的,pos
有天資,pos
有天資的,pos
有天賦,pos
有天賦的,pos
有功績,pos
有功績的,pos
有用,pos
有用的,pos
有目的,pos
有目的的,pos
有光澤,pos
有光澤的,pos
有先見之明,pos
有先見之明的,pos
有同情心,pos
有同情心的,pos
有名,pos
有名的,pos
有判斷力,pos
有判斷力的,pos
有利,pos
有利的,pos
有利益,pos
有利益的,pos
有利條件,pos
有利潤,pos
有利潤的,pos
有助,pos
有助的,pos
有助益,pos
有助益的東西,pos
有吸引力,pos
有吸引力的,pos
有含義,pos
有含義的,pos
有把握,pos
有把握地,pos
有把握的,pos
有決心,pos
有決心的,pos
有知覺,pos
有知覺的,pos
有信心,pos
有信心的,pos
有前途,pos
有品格,pos
有品格的,pos
有威嚴,pos
有威嚴的,pos
有思想,pos
有思想性,pos
有思想性的,pos
有指望,pos
有耐性,pos
有耐性的,pos
有效,pos
有效性,pos
有效的,pos
有效率,pos
有效率的,pos
有特色,pos
有特色的,pos
有益,pos
有益於健康,pos
有益於健康的,pos
有益的,pos
有益健康,pos
有益健康的,pos
有秩序,pos
有能力,pos
有能力的,pos
有財產,pos
有財產的,pos
有教育意義,pos
有教育意義的,pos
有理,pos
有規矩,pos
有規範,pos
有規範的,pos
有責任,pos
有責任心,pos
有責任心的,pos
有責任的,pos
有創造力,pos
有創造力的,pos
有智慧,pos
有智慧的,pos
有貴族氣派,pos
有貴族氣派的,pos
有進取精神,pos
有進取精神的,pos
有雅量,pos
有雅量的,pos
有勢力,pos
有勢力的,pos
有幹勁,pos
有幹勁的,pos
有意義,pos
有意義的,pos
有感覺,pos
有感覺的,pos
有愛心,pos
有愛心的,pos
有愛國心,pos
有愛國心的,pos
有節制,pos
有節制的,pos
有義務的,pos
有道德,pos
有道德的,pos
有精神,pos
有說服力,pos
有說服力的,pos
有遠見,pos
有遠見的,pos
有價值,pos
有價值的,pos
有價值的人,pos
有樂趣,pos
有樂趣的,pos
有確實根據,pos
有確實根據的,pos
有趣,pos
有趣的,pos
有魅力,pos
有魅力的,pos
有錢,pos
有錢的,pos
有頭腦,pos
有頭腦的,pos
有幫手,pos
有幫手的,pos
有幫助,pos
有幫助的,pos
有幫助的人,pos
有膽量,pos
有膽量的,pos
有禮,pos
有禮貌,pos
有禮貌的,pos
有禮貌的行為,pos
有魔力,pos
有魔力的,pos
有權,pos
有權力,pos
有權力的,pos
有權益,pos
有權益的,pos
有權能,pos
有權能的,pos
老實,pos
老實的,pos
老練,pos
老練的,pos
考慮,pos
自主,pos
自由,pos
自由的,pos
自白,pos
自立,pos
自在,pos
自信,pos
自信地,pos
自動,pos
自動的,pos
自尊,pos
自然,pos
自然的,pos
自豪,pos
自豪的,pos
自願,pos
至上,pos
至上的,pos
至高,pos
至高的,pos
至善,pos
至善的,pos
行善,pos
行善的,pos
似天使,pos
似天使的,pos
似乎有理,pos
作為獎品,pos
作為獎品的,pos
伶俐,pos
伶俐的,pos
克制,pos
免除,pos
免除的,pos
免費,pos
免費的,pos
冷靜,pos
冷靜的,pos
別緻,pos
別緻的,pos
判斷力,pos
利益,pos
利潤,pos
助手,pos
助長,pos
助益,pos
努力,pos
努力的,pos
努力解決,pos
吸引,pos
吸引人,pos
吸引人的,pos
吸引人的事物,pos
吸引力,pos
均勻,pos
均等,pos
均衡,pos
均衡的,pos
壯麗,pos
壯麗的,pos
壯麗雄偉,pos
壯麗雄偉的,pos
壯觀,pos
壯觀的,pos
妙計,pos
妥當,pos
孝行,pos
孝順,pos
孝順的,pos
完成,pos
完成的,pos
完美,pos
完美的,pos
完整,pos
完整的,pos
宏偉,pos
宏偉的,pos
希望,pos
形影不離,pos
形影不離的朋友,pos
忘不了,pos
忘不了的,pos
志哀,pos
志氣,pos
忍耐,pos
忍耐力,pos
忍耐的,pos
快活,pos
快活的,pos
快樂,pos
快樂主義,pos
快樂主義的,pos
快樂主義者,pos
快樂主義者的,pos
快樂地,pos
快樂的,pos
快樂論,pos
快樂論的,pos
戒除,pos
技巧,pos
把握,pos
批准,pos
抒情,pos
抒情的,pos
改良,pos
改革,pos
改善,pos
改進,pos
攻讀,pos
沈著,pos
沈著的,pos
決心,pos
決定,pos
決定性,pos
決定性的,pos
決斷,pos
決斷力,pos
衝勁,pos
牢固,pos
牢固的,pos
牢靠,pos
狂喜,pos
狂喜的,pos
狂熱,pos
狂熱的,pos
狂熱讚揚,pos
狂歡,pos
狂歡的,pos
罕見,pos
罕見的,pos
良心,pos
良心的,pos
良好,pos
良好的,pos
良性,pos
良性的,pos
足夠,pos
足夠的,pos
足智多謀,pos
迅速,pos
迅速地,pos
迅速的,pos
防止,pos
防水,pos
防水的,pos
防備,pos
事跡,pos
享有,pos
享受,pos
使人信服,pos
使人信服的,pos
使人首肯,pos
使人首肯的,pos
使人敬畏,pos
使人敬畏的,pos
使平坦,pos
使平靜,pos
使平靜下來,pos
使用方便,pos
使用方便的,pos
使安靜,pos
使免除,pos
使固定,pos
使相等,pos
使涼快,pos
使陶醉,pos
使精細,pos
使緩和,pos
使醉心,pos
供娛樂用,pos
供娛樂用的,pos
典雅,pos
典雅的,pos
刻苦,pos
刻苦的,pos
協力,pos
協力的,pos
協作,pos
協助,pos
協調,pos
卓越,pos
卓越的,pos
取悅,pos
受大眾歡迎,pos
受鍾愛,pos
受鍾愛的,pos
受歡迎,pos
受歡迎的,pos
和平,pos
和平的,pos
和睦,pos
和睦的,pos
和諧,pos
和諧的,pos
和藹,pos
和藹可親,pos
和藹可親的,pos
和藹的,pos
周到,pos
周到的,pos
固守,pos
固守的,pos
固定,pos
固定的,pos
坦白,pos
坦白的,pos
坦直,pos
坦直的,pos
坦率,pos
坦率的,pos
奇妙,pos
奇妙的,pos
奇異,pos
奇跡,pos
奇跡的,pos
宜人,pos
宜人的,pos
尚好,pos
幸運,pos
幸運地,pos
幸運的,pos
幸福,pos
幸福的,pos
征服,pos
忠心,pos
忠貞,pos
忠貞的,pos
忠誠,pos
忠誠的,pos
忠誠的行為,pos
忠實,pos
忠實的,pos
承認,pos
承諾,pos
招待,pos
招待周到,pos
招待周到的,pos
放下武器,pos
放心,pos
放心的,pos
易控制,pos
易控制的,pos
易理解,pos
易理解的,pos
易管理,pos
易管理的,pos
易辦,pos
易辦的,pos
易懂,pos
昌盛,pos
昌盛的,pos
明瞭,pos
明白,pos
明白的,pos
明亮,pos
明亮的,pos
明亮照耀,pos
明亮照耀的,pos
明理,pos
明理的,pos
明晰,pos
明晰的,pos
明智,pos
明智的,pos
明智的行為,pos
明確,pos
明瞭,pos
明瞭的,pos
明顯,pos
明顯的,pos
服從,pos
服從的,pos
欣喜,pos
欣然,pos
欣然地,pos
欣賞,pos
注目,pos
注重實際,pos
注重實際的,pos
注意,pos
注意的,pos
法定,pos
法定的,pos
法律,pos
法律的,pos
治療,pos
物廉價美,pos
物廉價美的,pos
的確,pos
的確地,pos
直言不諱,pos
直言不諱的,pos
直率,pos
直率的,pos
直截了當,pos
直覺,pos
直覺的,pos
知足,pos
知性,pos
知性的,pos
知恩,pos
知罪,pos
知道,pos
知覺,pos
肥沃,pos
肥沃的,pos
肯定,pos
肯定的,pos
肯定詞,pos
肯定語,pos
肯順從,pos
肯順從的,pos
芳香,pos
芳香的,pos
芬芳,pos
芬芳的,pos
表示贊成,pos
表示贊成的,pos
表現突出,pos
表現突出的,pos
表揚,pos
長處,pos
非凡,pos
非凡的,pos
非常大方,pos
非常大方的,pos
非常合適,pos
非常合適的,pos
信心,pos
信用,pos
信任,pos
信服,pos
信實,pos
信賴,pos
便利,pos
便利的,pos
便宜,pos
俠義,pos
俠義的,pos
保密,pos
保證,pos
保釋,pos
保護,pos
促成,pos
促成的,pos
促進,pos
俘獲,pos
冠軍,pos
冠軍的,pos
前進,pos
勇氣,pos
勇猛,pos
勇敢,pos
勇敢的,pos
勇敢的行為,pos
勇敢的事跡,pos
厚道,pos
厚道的,pos
品行,pos
品行端正,pos
品行端正的,pos
品味,pos
品性端正,pos
品性端正的,pos
威嚴,pos
威嚴的,pos
客氣,pos
客氣的,pos
幽默,pos
幽默感,pos
建設,pos
建設性,pos
建設性的,pos
很多,pos
很多的,pos
很好,pos
很好地,pos
很好的,pos
很棒,pos
很棒的,pos
待人如友,pos
思考,pos
思想性,pos
恰好,pos
恰好的,pos
恰當,pos
恰當地,pos
恰當的,pos
恆久,pos
恆久不變,pos
恆心,pos
持久,pos
持久的,pos
指望,pos
施捨,pos
施捨慷慨,pos
施捨慷慨的,pos
柔和,pos
柔和的,pos
柔軟,pos
柔軟的,pos
洋洋,pos
洋溢,pos
洋溢著幸福,pos
洋溢著幸福的,pos
流行,pos
流行的,pos
流利,pos
流利的,pos
流暢,pos
流暢的,pos
活著,pos
活著的,pos
活潑,pos
活潑地,pos
活潑的,pos
為榮,pos
為懷,pos
珍貴,pos
珍貴的,pos
珍愛,pos
珍愛的,pos
相宜,pos
相信,pos
相容,pos
相等,pos
相稱,pos
相稱的,pos
盼望,pos
突出,pos
紅潤,pos
紅潤的,pos
紀念,pos
約定,pos
美人,pos
美化,pos
美好,pos
美好的,pos
美妙,pos
美妙的,pos
美味,pos
美味的,pos
美的事物,pos
美的音樂,pos
美麗,pos
美麗的,pos
耐用,pos
耐用的,pos
耐性,pos
耐勞,pos
致富,pos
致意,pos
苦思,pos
苦修,pos
茂盛,pos
茂盛的,pos
英明,pos
英明的,pos
英俊,pos
英俊的,pos
英勇,pos
英勇的,pos
英雄,pos
英雄式,pos
英雄式的,pos
茁壯,pos
茁壯成長,pos
茁壯的,pos
要緊,pos
貞潔,pos
貞潔的,pos
負有,pos
負有義務,pos
負責,pos
負責的,pos
重大,pos
重大的,pos
重要,pos
重要性,pos
重要的,pos
重要的地位,pos
重視,pos
革命,pos
革新,pos
革新的,pos
音樂,pos
風度,pos
飛黃騰達,pos
飛黃騰達的,pos
首位,pos
首位的,pos
首肯,pos
香的,pos
值得,pos
值得注意,pos
值得注意地,pos
值得注意的,pos
值得的,pos
值得信賴,pos
值得信賴的,pos
值得紀念,pos
值得紀念的,pos
值得崇拜,pos
值得崇拜的,pos
值得接受,pos
值得接受的,pos
值得尊重,pos
值得尊重的,pos
值得尊敬,pos
值得尊敬的,pos
值得稱讚,pos
值得稱讚的,pos
值得擁有,pos
值得擁有的,pos
值得嚮往,pos
值得嚮往的,pos
值得讚美,pos
值得讚美的,pos
值得讚揚,pos
值得讚揚的,pos
值錢,pos
值錢的,pos
修理,pos
倫理,pos
倫理的,pos
剛毅,pos
剛毅的,pos
哲人,pos
娛樂,pos
容光,pos
容光煥發,pos
容光煥發的,pos
容忍,pos
容忍的,pos
容易,pos
容易的,pos
容易親近,pos
容易親近的,pos
恭喜,pos
恭敬,pos
恭敬的,pos
恭維,pos
恩人,pos
恩惠,pos
悔改,pos
悔悟,pos
悅耳,pos
悅耳的,pos
捐贈,pos
捐獻,pos
效能,pos
效率,pos
時髦,pos
時髦的,pos
時機,pos
時機成熟,pos
時機成熟的,pos
時機適宜,pos
時機適宜的,pos
根除,pos
慇勤,pos
慇勤的,pos
氣派,pos
浪漫,pos
浪漫的,pos
消退,pos
消除,pos
消散,pos
消遣,pos
特大,pos
特大的,pos
特色,pos
特別,pos
特別的,pos
特級,pos
特級的,pos
特許,pos
留心,pos
留心的,pos
留神,pos
留神的,pos
留情,pos
留意,pos
留意的,pos
疼愛,pos
疼愛地,pos
真正,pos
真正的,pos
真誠,pos
真誠的,pos
真實,pos
真實的,pos
真確,pos
真確的,pos
神志正常,pos
神志正常的,pos
神志清明,pos
神志清明的,pos
神氣活現,pos
神氣活現的,pos
神智健全,pos
神童,pos
神聖,pos
神聖的,pos
祝賀,pos
祝賀的,pos
秩序,pos
純真,pos
純淨,pos
純潔,pos
純潔的,pos
能力,pos
能充分理解,pos
能充分理解的,pos
能生產,pos
能生產的,pos
能吃苦耐勞,pos
能吃苦耐勞的,pos
能幹,pos
能幹的,pos
能實行,pos
能實行的,pos
能懂,pos
能懂的,pos
虔信,pos
虔敬,pos
虔敬的,pos
虔誠,pos
虔誠的,pos
衷心,pos
衷心地,pos
衷心的,pos
討人喜歡,pos
訓練,pos
財產,pos
財富,pos
起作用,pos
迷人,pos
迷人之處,pos
迷人的,pos
迷人的美,pos
追根究底,pos
閃爍,pos
高尚,pos
高尚的,pos
高級,pos
高級的,pos
高處,pos
高貴,pos
高貴的,pos
高雅,pos
高興,pos
高興的,pos
鬥志,pos
偉大,pos
健全,pos
健全的,pos
健壯,pos
健壯的,pos
健美,pos
健美的,pos
健康,pos
健康的,pos
偏愛,pos
務實,pos
參加,pos
唯實論,pos
唯實論的,pos
堅決,pos
堅決的,pos
堅固,pos
堅固的,pos
堅固耐用,pos
堅固耐用的,pos
堅定,pos
堅定不移,pos
堅定不移的,pos
堅定的,pos
堅持,pos
堅持不懈,pos
堅持的,pos
堅強,pos
堅強的,pos
堅硬無比,pos
堅硬無比的,pos
堅韌,pos
堅韌的,pos
堅毅,pos
堂皇,pos
堂皇的,pos
專門,pos
專門的,pos
專家,pos
專屬,pos
專屬的,pos
崇拜,pos
崇高,pos
崇敬,pos
帶有靈感,pos
帶有靈感的,pos
帶來福氣,pos
帶來福氣的,pos
強大,pos
強大的,pos
強壯,pos
強壯的,pos
強健,pos
強健的,pos
彬彬,pos
彬彬有禮,pos
彬彬有禮的,pos
得人心,pos
得力,pos
得到,pos
得要領,pos
得意,pos
得意揚揚,pos
得獎,pos
得獎的,pos
得體,pos
得體的,pos
從容,pos
從容不迫,pos
從容不迫的,pos
情願,pos
接受,pos
接濟,pos
推進,pos
推薦,pos
教養,pos
啟發,pos
啟發想像力,pos
啟發想像力的,pos
敏悟,pos
敏悟的,pos
敏捷,pos
敏捷地,pos
敏捷的,pos
敏感,pos
敏感的,pos
敏銳,pos
敏銳的,pos
敏銳的感覺力,pos
毫不,pos
毫不含糊,pos
毫不含糊的,pos
毫無,pos
毫無隱諱交談,pos
毫無隱諱交談的,pos
涼快,pos
涼快的,pos
涼爽,pos
涼爽的空氣,pos
清白,pos
清白的,pos
清秀,pos
清秀的,pos
清明,pos
清除,pos
清理,pos
清晰,pos
清楚,pos
清楚地,pos
清楚易懂,pos
清楚易懂的,pos
清楚的,pos
清澈,pos
清澈的,pos
清潔,pos
清潔的,pos
淘氣,pos
深切,pos
深切注意,pos
深切注意的,pos
深刻,pos
深刻的,pos
深思,pos
深思的,pos
深情,pos
深慮,pos
深謀遠慮,pos
率直,pos
率直地,pos
率直的,pos
理性,pos
理性的,pos
理想,pos
理想的,pos
理會,pos
理解,pos
甜蜜,pos
產量多,pos
產量多的,pos
盛年,pos
第一流,pos
第一流的,pos
符合,pos
符合的,pos
符合要求,pos
符合要求的,pos
細心,pos
細心的,pos
細緻,pos
細緻優雅,pos
細緻優雅的,pos
細膩,pos
細膩的,pos
羞怯,pos
羞怯的,pos
習慣,pos
莊重,pos
莊嚴,pos
莊嚴的,pos
被喜愛,pos
被喜愛的,pos
規矩,pos
規範,pos
許可,pos
責任心,pos
責任重大,pos
責任重大的,pos
通用,pos
通用的,pos
通知,pos
通俗,pos
通俗的,pos
通過,pos
連根拔起,pos
連貫,pos
連貫的,pos
造詣,pos
透明,pos
透明的,pos
陶醉,pos
雀躍,pos
傑出,pos
傑出人物,pos
傑出的,pos
最上,pos
最上的,pos
最好,pos
最好地,pos
最有效地,pos
最佳,pos
最佳的,pos
最重要,pos
最重要的,pos
最高,pos
最高的,pos
最理想,pos
最理想的,pos
最適當地,pos
最優秀,pos
最優秀的,pos
凱旋,pos
凱旋的,pos
創立,pos
創立者,pos
創造,pos
創造力,pos
創造性,pos
創造性的,pos
創造的,pos
創新,pos
創新的,pos
勝任,pos
勝任的,pos
勝利,pos
勝利的,pos
勝過,pos
博愛,pos
博愛的,pos
博愛者,pos
喝彩,pos
喜不自禁,pos
喜不自禁的,pos
喜悅,pos
喜氣,pos
喜氣洋洋,pos
喜氣洋洋的,pos
喜愛,pos
喜劇,pos
喜劇的,pos
喜慶,pos
喜慶的,pos
喜歡,pos
喜歡的,pos
報答,pos
報答的,pos
奠基,pos
奠基者,pos
富有,pos
富有的,pos
富有魅力,pos
富有魅力的,pos
富足,pos
富於,pos
富於同情心,pos
富於同情心的,pos
富於的,pos
富於機智,pos
富於機智的,pos
富幽默感,pos
富幽默感的,pos
富裕,pos
富裕的,pos
富麗,pos
富麗的,pos
富麗堂皇,pos
富麗堂皇的,pos
富饒,pos
富饒的,pos
寓意,pos
尊重,pos
尊重人,pos
尊重人的,pos
尊敬,pos
尊敬人,pos
尊敬人的,pos
尊敬的,pos
尊嚴,pos
惠顧,pos
愜意,pos
愜意的,pos
愉快,pos
愉快地,pos
愉快地說,pos
愉快的,pos
掌握,pos
提升,pos
提高,pos
揚揚,pos
晴朗,pos
晴朗的,pos
智力,pos
智力的,pos
智巧,pos
智慧,pos
期待,pos
欽佩,pos
減輕,pos
渴望,pos
渴望的,pos
渴望獲得,pos
滋養,pos
滋養的,pos
無比,pos
無比的,pos
無可指責,pos
無可指責的,pos
無可挑剔,pos
無可挑剔的,pos
無可責難,pos
無可責難的,pos
無可置辯,pos
無可置辯的,pos
無污點,pos
無污點的,pos
無刺激性,pos
無刺激性的,pos
無畏,pos
無畏的,pos
無害處,pos
無害處的,pos
無缺點,pos
無缺點的,pos
無庸,pos
無庸置疑,pos
無庸置疑地,pos
無異議,pos
無異議的,pos
無惡意,pos
無惡意的,pos
無裂縫,pos
無裂縫的,pos
無瑕,pos
無瑕的,pos
無瑕疵,pos
無瑕疵的,pos
無罪,pos
無罪的,pos
無過失,pos
無過失的,pos
無疑,pos
無疑的,pos
無疑問,pos
無疑問的,pos
無誤,pos
無誤地,pos
無價,pos
無價的,pos
無憂無慮,pos
無憂無慮的,pos
無慾,pos
無慾的,pos
無敵,pos
無敵的,pos
無懈可擊,pos
無懈可擊的,pos
無邊無際,pos
無髒污,pos
無髒污的,pos
痛快,pos
痛快地,pos
發育,pos
發展,pos
發財,pos
發財致富,pos
發達,pos
發覺,pos
稍息,pos
稀少,pos
稀少的,pos
稀罕,pos
稀罕的,pos
稀奇,pos
稀奇的,pos
答應,pos
絕妙,pos
絕妙的,pos
絕無,pos
絕無錯誤,pos
絕無錯誤的,pos
絕對可靠,pos
絕對可靠的,pos
給予,pos
善心,pos
善行,pos
善行的,pos
善良,pos
善良的,pos
善於,pos
善於經營,pos
善於經營的,pos
善理,pos
善理家,pos
善理家的,pos
善意,pos
善意的,pos
善說服,pos
善說服的,pos
善舉,pos
善辯,pos
舒服,pos
舒服的,pos
舒暢,pos
舒適,pos
舒適的,pos
華麗,pos
華麗的,pos
著名,pos
著名的,pos
著迷,pos
著迷的,pos
貴重,pos
貴重的,pos
貴族,pos
貴族的,pos
超凡,pos
超凡技術,pos
進行,pos
進步,pos
進步的,pos
進取,pos
進取心,pos
開化,pos
開拓,pos
開放,pos
開放的,pos
開採,pos
開發,pos
間歇,pos
雅致,pos
雅致的,pos
雅量,pos
雅觀,pos
雄偉,pos
雄辯,pos
雄辯的,pos
集資,pos
順利,pos
順利的,pos
順從,pos
順從的,pos
順當,pos
傳奇性,pos
傳奇性的,pos
勤勉,pos
勤勉的,pos
勤奮,pos
勤奮的,pos
嗜好,pos
圓滿,pos
圓滿的,pos
幹勁,pos
微妙,pos
微妙的,pos
微微,pos
微微的,pos
意味深長,pos
意味深長的,pos
慈祥,pos
慈祥的,pos
慈悲,pos
慈悲心,pos
慈悲的,pos
慈悲為懷,pos
慈悲為懷的,pos
慈善,pos
慈善的,pos
感人,pos
感人的,pos
感到滿意,pos
感動,pos
感激,pos
感激的,pos
感謝,pos
感謝的,pos
想像,pos
想像力,pos
想像的,pos
愛心,pos
愛打趣,pos
愛打趣的,pos
愛好,pos
愛好和平,pos
愛好和平的,pos
愛國,pos
愛國心,pos
愛國的,pos
愛情,pos
愛說話,pos
愛說話的,pos
愛慕,pos
慎重,pos
慎重的,pos
慎慮,pos
慎慮的,pos
敬畏,pos
敬重,pos
敬禮,pos
新奇,pos
新奇的,pos
新鮮,pos
新鮮的,pos
暖和,pos
暖和的,pos
極力誇獎,pos
極好,pos
極好的,pos
極好的人,pos
極度高興,pos
極度高興的,pos
極貴重,pos
極貴重的,pos
極樂,pos
極樂的,pos
溫文,pos
溫文儒雅,pos
溫文儒雅的,pos
溫和,pos
溫和的,pos
溫柔,pos
溫柔的,pos
溫柔親切,pos
溫柔親切的,pos
溫順,pos
溫順的,pos
溫暖,pos
溫暖的,pos
準備,pos
準確,pos
準確的,pos
照耀,pos
煥發,pos
當心,pos
當然,pos
當然的,pos
萬能,pos
萬能的,pos
節制,pos
節制的,pos
節約,pos
節約的,pos
節儉,pos
節儉的,pos
經回火後具有的韌度,pos
經得起檢驗,pos
經得起檢驗的,pos
經營,pos
經驗,pos
義務,pos
羨慕,pos
羨慕的,pos
聖人,pos
聖徒,pos
聖潔,pos
聖潔的,pos
補足,pos
補足的,pos
解決,pos
解除,pos
解除武裝,pos
解開,pos
詳細,pos
詳盡,pos
詳盡的,pos
詩意,pos
詩意的,pos
誇獎,pos
詼諧,pos
詼諧的,pos
誠實,pos
誠實的,pos
誠摯,pos
誠摯的,pos
誠懇,pos
誠懇的,pos
資助,pos
資源,pos
資源豐富,pos
資源豐富的,pos
較好,pos
較好者,pos
較優,pos
較優者,pos
道理,pos
道德,pos
道德的,pos
道德崇高,pos
道德崇高的人,pos
達成,pos
達到,pos
逼真,pos
逼真地,pos
逼真的,pos
頌揚,pos
鼓掌,pos
鼓掌歡呼表示通過,pos
鼓掌歡迎,pos
鼓舞,pos
鼓舞人心,pos
鼓舞人心的,pos
鼓舞人心的人,pos
鼓勵,pos
嘉獎,pos
嘟嘟,pos
夥伴,pos
夥伴的,pos
寧靜,pos
寧靜的,pos
實用,pos
實用性,pos
實用性的,pos
實在,pos
實在的,pos
實在論,pos
實在論的,pos
實行,pos
實際,pos
實際可行,pos
實際可行的,pos
實際的,pos
嶄新,pos
嶄新的,pos
慷慨,pos
慷慨的,pos
慷慨的行為,pos
暢談,pos
暢談的,pos
榮耀,pos
榮譽,pos
榮譽的,pos
漂亮,pos
漂亮地,pos
漂亮的,pos
漂亮的東西,pos
滿足,pos
滿意,pos
滿意地說,pos
滿意的,pos
滿懷,pos
滿懷敬畏,pos
滿懷敬畏的,pos
盡情,pos
盡情地,pos
睿智,pos
福利,pos
福氣,pos
稱心,pos
稱讚,pos
端正,pos
端莊,pos
端莊的,pos
管理,pos
精力,pos
精力充沛,pos
精力充沛的,pos
精心,pos
精心的,pos
精巧,pos
精巧地,pos
精巧的,pos
精巧的設計,pos
精明,pos
精明的,pos
精美,pos
精美的,pos
精緻,pos
精緻的,pos
精密,pos
精密的,pos
精細,pos
精細的,pos
精通,pos
精通的,pos
精確,pos
精確性,pos
精確的,pos
精確度,pos
精緻,pos
精緻的,pos
精選,pos
精選的,pos
緊要,pos
認可,pos
認真,pos
認真的,pos
說明,pos
說服,pos
說服力,pos
誘人,pos
豪勇,pos
豪華,pos
豪華的,pos
輔助,pos
輔助的,pos
輕快,pos
輕快地,pos
輕快的,pos
輕鬆,pos
輕鬆的,pos
遠見,pos
儀態高貴,pos
儀態高貴的,pos
增加,pos
增進,pos
增進友誼,pos
增進友誼的,pos
嬉戲,pos
嬉戲的,pos
嫻雅,pos
嫻雅的,pos
嬌美,pos
寬大,pos
寬大的,pos
寬容,pos
寬容的,pos
寬恕,pos
寬恕的,pos
寬闊,pos
寬闊的,pos
審慎,pos
審慎的,pos
寫實,pos
寫實地,pos
寫實的,pos
履行,pos
廣闊,pos
德高望重,pos
德高望重的人,pos
慶祝,pos
慶祝的,pos
慶賀,pos
憐憫,pos
憐憫心,pos
憐憫的,pos
標緻,pos
標緻的,pos
標準的,pos
樂而忘憂,pos
樂而忘憂的,pos
樂事,pos
樂園,pos
樂意,pos
樂意地,pos
樂意的,pos
樂趣,pos
樂觀,pos
樂觀的,pos
毅然,pos
毅然的,pos
澄清,pos
潔淨,pos
潔淨的,pos
潛心,pos
潛心於,pos
熟悉,pos
熟悉的,pos
熟慮,pos
熟練,pos
熟練地,pos
熟練的,pos
熱切,pos
熱切地,pos
熱心,pos
熱心的,pos
熱心腸,pos
熱心腸的,pos
熱忱,pos
熱忱的,pos
熱烈,pos
熱烈的,pos
熱衷,pos
熱衷的,pos
熱情,pos
熱情的,pos
熱望,pos
熱望的,pos
熱愛,pos
熱誠,pos
熱誠地,pos
獎品,pos
獎勵,pos
確定,pos
確信,pos
確實,pos
確實的,pos
締造,pos
締造者,pos
緩和,pos
衛生,pos
衛生的,pos
褒揚,pos
談笑,pos
請求,pos
調和,pos
調和的,pos
調停,pos
調劑,pos
賢人,pos
賢明,pos
賢明的,pos
趣味,pos
趣味相同,pos
趣味相同的,pos
踏實,pos
踏實的,pos
輝煌,pos
輝煌的,pos
輝耀,pos
適任,pos
適合,pos
適合的,pos
適宜,pos
適宜的,pos
適度,pos
適度的,pos
適時,pos
適意,pos
適意的,pos
適當,pos
適當地,pos
適當的,pos
適應,pos
適應的,pos
醇的,pos
醉人,pos
醉心,pos
魅力,pos
儒雅,pos
凝聚,pos
凝聚性,pos
凝聚性的,pos
勳績,pos
噪聲小,pos
噪聲小的,pos
奮爭,pos
奮鬥,pos
奮發,pos
奮進,pos
學習,pos
學識,pos
戰勝,pos
擅長,pos
擁有,pos
擔負,pos
整齊,pos
整齊的,pos
整潔,pos
整潔的,pos
樸素,pos
樸素的,pos
機巧,pos
機敏,pos
機敏地,pos
機敏的,pos
機智,pos
機智的,pos
機會,pos
機警,pos
機靈,pos
機靈的,pos
激勵,pos
獨一無二,pos
獨一無二的,pos
獨立,pos
獨立自主,pos
獨立自主的,pos
獨有,pos
獨有的,pos
獨特,pos
獨特的,pos
獨創,pos
獨創性,pos
積極,pos
積極性,pos
積極的,pos
興旺,pos
興高采烈,pos
興高采烈地,pos
興高采烈的,pos
興盛,pos
興盛的,pos
興趣,pos
興奮,pos
興奮的,pos
親切,pos
親切的,pos
親近,pos
親密,pos
親密的,pos
親愛,pos
親愛的,pos
諧調,pos
諧調的,pos
諾言,pos
遵守,pos
遵從,pos
頭腦清楚,pos
頭腦清楚的,pos
優秀,pos
優秀的,pos
優良,pos
優良的,pos
優於,pos
優美,pos
優美地,pos
優美的,pos
優勝,pos
優勝的,pos
優雅,pos
優勢,pos
優質,pos
優質的,pos
償清,pos
幫手,pos
幫助,pos
幫助脫離困境,pos
懂事,pos
懇求,pos
營養,pos
營養的,pos
燦爛,pos
燦爛的,pos
獲利,pos
獲利的,pos
獲得,pos
獲得勝利,pos
獲勝,pos
獲勝的,pos
瞭解,pos
矯正,pos
縫補,pos
繁茂,pos
繁茂的,pos
繁盛,pos
繁盛的,pos
繁榮,pos
繁榮的,pos
聲望,pos
聲譽,pos
聲譽好,pos
聲譽好的,pos
聰明,pos
聰明的,pos
聰慧,pos
聰慧的,pos
聰穎,pos
聰穎的,pos
聯合,pos
聯合起來,pos
膽量,pos
舉行,pos
舉行凱旋式,pos
謙卑,pos
謙卑的,pos
謙恭,pos
謙恭有禮,pos
謙恭有禮的言辭,pos
謙恭的,pos
謙虛,pos
謙遜,pos
謙遜地,pos
謙遜的,pos
豁免,pos
賺錢,pos
避免,pos
鍾愛,pos
鍛煉,pos
鮮明,pos
鮮明的,pos
鮮豔,pos
鮮豔的,pos
嚮往,pos
獵獲,pos
禮貌,pos
簡易,pos
簡明,pos
簡樸,pos
簡樸的,pos
織補,pos
職責,pos
謹慎,pos
謹慎的,pos
豐富,pos
豐富的,pos
豐滿,pos
豐滿的,pos
豐饒,pos
豐饒的,pos
醫治,pos
寵愛,pos
寵愛的,pos
懷著,pos
懷著希望,pos
懷著希望的,pos
穩固,pos
穩定,pos
穩定性,pos
穩定的,pos
穩重,pos
穩重的,pos
穩健,pos
穩健的,pos
藝術,pos
贊同,pos
贊成,pos
贊成的,pos
贊成的一方,pos
贊成的論點,pos
贊成者,pos
贊成票,pos
贊助,pos
讚許,pos
讚許的,pos
關心,pos
難忘,pos
難忘的,pos
願意,pos
嚴密,pos
嚴肅,pos
嚴肅性,pos
嚴肅的,pos
嚴謹,pos
嚴謹的,pos
寶貴,pos
寶貴的,pos
懺悔,pos
攙扶,pos
覺察,pos
警覺,pos
騰躍,pos
顧慮周到,pos
顧慮周到的,pos
魔力,pos
魔法,pos
權益,pos
歡天喜地,pos
歡呼,pos
歡欣,pos
歡迎,pos
歡迎的,pos
歡笑,pos
歡喜,pos
歡喜的,pos
歡慶,pos
歡慶勝利,pos
歡樂,pos
歡樂的,pos
歡鬧,pos
歡鬧的,pos
歡騰,pos
歡騰的,pos
歡躍,pos
聽話,pos
鑒別力,pos
纖細,pos
纖細的,pos
變平靜,pos
變好,pos
變得較好,pos
變清,pos
邏輯,pos
顯著,pos
顯著地,pos
顯著的,pos
顯赫,pos
顯赫的,pos
驚奇,pos
驚羨,pos
體面,pos
體貼,pos
體貼的,pos
體諒,pos
體諒的,pos
讓步,pos
靈巧,pos
靈巧地,pos
靈巧的,pos
靈活,pos
靈活的,pos
靈敏,pos
靈敏性,pos
靈敏的,pos
靈感,pos
讚美,pos
讚揚,pos
讚揚的,pos
讚歎,pos
讚歎不已,pos
讚賞,pos
羨慕,pos
一吐為快,pos
一見鍾情,pos
一往情深,pos
一笑置之,pos
了不起,pos
人味,pos
大笑,pos
大喜,pos
大喜若狂,pos
大無畏,pos
才華,pos
才幹,pos
不亦樂乎,pos
不忍,pos
不爭,pos
不遺餘力,pos
中肯,pos
互利,pos
互助,pos
互助合作,pos
互惠,pos
互愛,pos
互敬,pos
仁善,pos
公平,pos
分工,pos
分工合作,pos
友善,pos
友愛,pos
天籟,pos
太好,pos
太好了,pos
引以為傲,pos
引以為榮,pos
引吭,pos
引吭高歌,pos
心心相印,pos
心平氣和,pos
心甘情願,pos
心如止水,pos
心安理得,pos
心有慼慼,pos
心有靈犀,pos
心花怒放,pos
心動,pos
心想事成,pos
心愛,pos
心誠則靈,pos
心滿意足,pos
心儀,pos
心寬,pos
心寬體胖,pos
心曠神怡,pos
日久生情,pos
出人意表,pos
出乎意料,pos
出息,pos
功德,pos
可信,pos
可喜,pos
可愛,pos
可敬,pos
平心,pos
平心靜氣,pos
平平淡淡,pos
平平靜靜,pos
平衡,pos
平靜,pos
平靜下來,pos
打趣,pos
母愛,pos
甘美,pos
甘甜,pos
甘願,pos
生日快樂,pos
生情,pos
由衷,pos
白金,pos
光彩,pos
光榮,pos
同情,pos
合作,pos
地位,pos
多幸褔,pos
多福,pos
好心情,pos
好事,pos
好意,pos
好感,pos
好運,pos
好學,pos
如意,pos
守信,pos
安心,pos
安可,pos
安好,pos
安安靜靜,pos
安安穩穩,pos
安身,pos
安身立命,pos
安和樂利,pos
安命,pos
安定,pos
安於,pos
安泰,pos
安眠,pos
安康,pos
安祥,pos
安然,pos
安逸,pos
安詳,pos
安寧,pos
安睡,pos
安慰,pos
安樂,pos
安適,pos
安靜,pos
有說有笑,pos
有趣,pos
有禮,pos
自由,pos
自由自在,pos
自立自強,pos
自在,pos
自如,pos
自助,pos
自告奮勇,pos
自信,pos
自信滿滿,pos
自勉,pos
自得其樂,pos
你儂我儂,pos
克服,pos
冷靜,pos
含笑,pos
含情脈脈,pos
妙不可言,pos
完好,pos
完美,pos
完滿,pos
希望,pos
希冀,pos
快快活活,pos
快快樂樂,pos
快活,pos
快樂,pos
把握,pos
抒情,pos
抒發,pos
抒解,pos
抒懷,pos
改善,pos
改頭換面,pos
求新,pos
狂喜,pos
狂愛,pos
狂熱,pos
狂歡,pos
肝膽相照,pos
良心,pos
良好,pos
良性,pos
良善,pos
言笑晏晏,pos
言歸於好,pos
走好運,pos
呵呵,pos
奉獻,pos
幸福,pos
果斷,pos
欣喜,pos
欣賞,pos
知恥,pos
長進,pos
信心,pos
信用,pos
冠軍,pos
勇氣,pos
哈哈,pos
威嚴,pos
很爽,pos
施恩,pos
柔情,pos
柔順,pos
洋房,pos
活力,pos
為快,pos
為傲,pos
為榮,pos
美感,pos
美夢,pos
音樂,pos
香甜,pos
原諒,pos
振奮,pos
慇勤,pos
真理,pos
真愛,pos
笑兮兮,pos
笑死,pos
笑死羅,pos
笑勒,pos
討好,pos
討喜,pos
財富,pos
高高興興,pos
高歌,pos
高興,pos
健美,pos
偏袒,pos
偏愛,pos
崇拜,pos
崇敬,pos
得意,pos
悠哉,pos
情不自禁,pos
情投意合,pos
情深,pos
情願,pos
教養,pos
望子成龍,pos
淳樸,pos
清高,pos
爽快,pos
爽朗,pos
率真,pos
理會,pos
甜甜蜜蜜,pos
甜滋滋,pos
甜蜜,pos
脫俗,pos
雀躍,pos
博愛,pos
喜出望外,pos
喜悅,pos
喜感,pos
喜愛,pos
喜歡,pos
報恩,pos
報喜,pos
富強,pos
尊重,pos
尊崇,pos
尊嚴,pos
悲憐,pos
悲憫,pos
愉快,pos
愉悅,pos
揚揚自得,pos
智慧,pos
期待,pos
期盼,pos
期望,pos
期許,pos
欽佩,pos
渴求,pos
渴盼,pos
渴望,pos
渴慕,pos
無畏,pos
超好,pos
開心,pos
開朗,pos
雅觀,pos
順眼,pos
黃金,pos
廉潔,pos
意氣風發,pos
慈和,pos
慈祥,pos
慈悲,pos
感人,pos
感同身受,pos
感恩,pos
感動,pos
感激,pos
感謝,pos
愛人,pos
愛人如己,pos
愛上,pos
愛心,pos
愛慕,pos
愛憐,pos
愛撫,pos
敬佩,pos
敬愛,pos
新奇,pos
暖呼呼,pos
暖烘烘,pos
暖意,pos
會心,pos
會心一笑,pos
溺愛,pos
溫文,pos
溫情,pos
溫暖,pos
溫慰,pos
溫藹,pos
溫馨,pos
煥發,pos
癡心,pos
癡狂,pos
癡情,pos
癡癡,pos
義不容辭,pos
義無反顧,pos
羨煞,pos
羨慕,pos
群情激憤,pos
群策群力,pos
解決,pos
誇獎,pos
誇耀,pos
詼諧,pos
誠心誠意,pos
誠摯,pos
誠懇,pos
道謝,pos
達觀,pos
過關,pos
過癮,pos
酬謝,pos
鼓舞,pos
夢想,pos
奪冠,pos
奪得,pos
奪魁,pos
嫣然一笑,pos
實現,pos
實現出來,pos
慷慨,pos
旗開得勝,pos
暢快,pos
榮幸,pos
榮譽,pos
漂亮,pos
漂漂亮亮,pos
滿足,pos
滿面春風,pos
滿意,pos
滿載而歸,pos
漸入佳境,pos
瘋狂,pos
盡如人意,pos
盡興,pos
福祉,pos
福氣,pos
稱讚,pos
窩心,pos
精神百倍,pos
與有榮焉,pos
認同,pos
誘人,pos
輕輕鬆鬆,pos
輕鬆,pos
遙遙領先,pos
領先,pos
嘻嘻,pos
嘻嘻哈哈,pos
嘿嘿,pos
寬厚,pos
寬容,pos
寬恕,pos
廢寢忘食,pos
慶幸,pos
慶祝,pos
慰問,pos
憧憬,pos
憐惜,pos
憐憫,pos
樂子,pos
樂不可支,pos
樂天,pos
樂乎,pos
樂在其中,pos
樂此不疲,pos
樂見,pos
樂呵呵,pos
樂於,pos
樂意,pos
樂趣,pos
樂觀,pos
毅力,pos
熱力,pos
熱中,pos
熱切,pos
熱切於,pos
熱心,pos
熱忱,pos
熱情,pos
熱愛,pos
熱誠,pos
熱熱鬧鬧,pos
熱鬧,pos
熱戀,pos
獎勵,pos
練成,pos
蓬勃,pos
衛生,pos
衛冕,pos
衝勁,pos
諒解,pos
談笑風生,pos
談戀愛,pos
賞心悅目,pos
賞識,pos
賞識到,pos
賢明,pos
賢淑,pos
賢慧,pos
適性,pos
適得,pos
適得其所,pos
醉人,pos
養活,pos
魅力,pos
器重,pos
奮力,pos
奮不顧身,pos
奮勇,pos
奮起,pos
奮鬥,pos
奮發,pos
學以致用,pos
學好,pos
學成,pos
學成歸國,pos
學有專精,pos
學習好,pos
學進,pos
學進去,pos
學會,pos
戰勝,pos
戰無不勝,pos
擁護,pos
擔待,pos
激昂,pos
激賞,pos
激勵,pos
激盪,pos
興沖沖,pos
興致勃勃,pos
興高采烈,pos
親和,pos
親善,pos
親愛,pos
懇摯,pos
聰明,pos
臉紅,pos
謙卑,pos
謝謝,pos
豁然開朗,pos
鍾情,pos
鍾愛,pos
嚮往,pos
豐腴,pos
關心,pos
關愛,pos
關懷,pos
韻味,pos
願意,pos
犧牲,pos
歡天喜地,pos
歡叫,pos
歡呼,pos
歡欣,pos
歡迎,pos
歡笑,pos
歡喜,pos
歡愉,pos
歡樂,pos
戀愛,pos
戀戀,pos
驚喜,pos
讚許,pos
讚賞,pos
煇煌,pos
幹,neg
一下子爆發,neg
一下子爆發的一連串,neg
一巴掌,neg
一再,neg
一再叮囑,neg
一拳,neg
一般殺人罪,neg
一陣狂風,neg
一陣緊張,neg
一掌,neg
一團糟,neg
一摑,neg
一點點,neg
一蹶不振,neg
人事不省,neg
人為,neg
人為的,neg
入迷,neg
入迷的,neg
入迷的人,neg
刀刃,neg
刁難,neg
力盡,neg
匕首,neg
下地獄,neg
下垂,neg
下垂度,neg
下流,neg
下流的,neg
下降,neg
下陷,neg
下等,neg
下等的,neg
下跌,neg
下獄,neg
下層社會,neg
下暴雨,neg
上當,neg
上鉤,neg
上癮,neg
上癮者,neg
久坐,neg
久坐的,neg
久經,neg
久經世故,neg
久經世故的,neg
乞丐,neg
乞求,neg
乞討,neg
乞得,neg
亡命,neg
亡命者,neg
口吃,neg
口角,neg
口渴,neg
口渴的,neg
土匪,neg
士氣低落,neg
大叫,neg
大叫大嚷著要求,neg
大失敗,neg
大吃一驚,neg
大吃一驚的,neg
大批出沒,neg
大災難,neg
大雨,neg
大洪水,neg
大恐慌,neg
大浪,neg
大破壞,neg
大屠殺,neg
大量殺戮,neg
大量噴出,neg
大傷,neg
大意,neg
大意的,neg
大話,neg
大禍,neg
大錯,neg
大聲,neg
大聲的要求,neg
大聲要求,neg
大聲要求的,neg
大膽,neg
大膽的,neg
大嚷,neg
大變革,neg
大變動,neg
大驚小怪,neg
女巫,neg
子彈,neg
小人,neg
小心,neg
小卒,neg
小氣,neg
小氣的,neg
小偷,neg
小規模戰鬥,neg
小傢伙,neg
小搗蛋,neg
小衝突,neg
小題大作,neg
工作過度,neg
工作過度的,neg
己見,neg
已過盛年,neg
已過盛年的,neg
干涉,neg
干擾,neg
干擾者,neg
不一致,neg
不上算的,neg
不大,neg
不大可能,neg
不大可能之事,neg
不小心,neg
不小心的,neg
不公平,neg
不公平的,neg
不公正,neg
不切實際,neg
不切實際的,neg
不友好,neg
不友好的,neg
不友善,neg
不友善地,neg
不友善的,neg
不及格,neg
不太,neg
不太可能的,neg
不引人注意,neg
不引人注意的,neg
不毛,neg
不毛的,neg
不充分,neg
不充分的,neg
不充足,neg
不充足的,neg
不出場,neg
不加,neg
不加思考,neg
不加思考的,neg
不可,neg
不可否認,neg
不可否認的,neg
不可抵抗,neg
不可抵抗的,neg
不可信,neg
不可信的,neg
不可信的事物,neg
不可信賴,neg
不可思議,neg
不可思議的,neg
不可能之事,neg
不可能的,neg
不可愛,neg
不可愛的,neg
不可預知,neg
不可預知的,neg
不可預測,neg
不可預測的,neg
不可靠,neg
不可靠的,neg
不可避免,neg
不可避免的,neg
不平,neg
不平均,neg
不平均的,neg
不平坦,neg
不平坦的,neg
不平常,neg
不平常的,neg
不平等,neg
不平等的,neg
不平整,neg
不平衡,neg
不平衡的,neg
不平靜,neg
不平靜的,neg
不必要,neg
不必要的,neg
不正,neg
不正的,neg
不正直,neg
不正直的,neg
不正常,neg
不正常的興奮,neg
不正當,neg
不正當的,neg
不正確,neg
不正確的,neg
不生育,neg
不生育的,neg
不休,neg
不光明正大,neg
不光明正大的,neg
不吉利,neg
不吉利的,neg
不同意,neg
不名譽,neg
不名譽的,neg
不合,neg
不合宜,neg
不合宜的,neg
不合法,neg
不合法的,neg
不合時宜,neg
不合時宜的,neg
不合格,neg
不合格的,neg
不合情理之事,neg
不合理,neg
不合理的,neg
不合規定,neg
不合規定的,neg
不合規格之物,neg
不合意,neg
不合意的,neg
不合群,neg
不合群的動物,neg
不合標準,neg
不合標準的,neg
不合適,neg
不合適地代表,neg
不合適的,neg
不合邏輯,neg
不合邏輯的,neg
不在乎,neg
不在乎的,neg
不在意,neg
不在意的,neg
不好,neg
不如,neg
不存在,neg
不守,neg
不守規矩,neg
不守規矩的,neg
不安,neg
不安全,neg
不安全的,neg
不安定,neg
不安定的,neg
不安的,neg
不安的狀態,neg
不安寧,neg
不安寧的,neg
不安穩,neg
不安穩的,neg
不成比例,neg
不成比例的,neg
不成功,neg
不成功的,neg
不成熟,neg
不成熟的,neg
不自在,neg
不自在的,neg
不自然,neg
不自然的,neg
不住,neg
不利,neg
不利的,neg
不告而別,neg
不均勻,neg
不均勻的,neg
不均等,neg
不妊,neg
不妊的,neg
不妥當,neg
不妥當的,neg
不孝,neg
不完全,neg
不完全的,neg
不完美,neg
不完美的,neg
不快,neg
不快樂,neg
不快樂的,neg
不牢固,neg
不牢固的,neg
不牢靠,neg
不牢靠的,neg
不良,neg
不良的,neg
不見,neg
不足,neg
不足之處,neg
不足取,neg
不足取的,neg
不足的,neg
不足額,neg
不兩立,neg
不到,neg
不到案,neg
不協調,neg
不受感動,neg
不受感動的,neg
不受歡迎,neg
不受歡迎的,neg
不和,neg
不和的,neg
不和諧,neg
不周到,neg
不周到的,neg
不坦率,neg
不坦率的,neg
不定,neg
不定的,neg
不宜,neg
不宜的,neg
不幸,neg
不幸之事,neg
不幸事件,neg
不幸的,neg
不幸的人,neg
不忠,neg
不忠的,neg
不忠實,neg
不忠實的,neg
不易,neg
不易的,neg
不易瞭解,neg
不易瞭解的,neg
不易彎曲,neg
不易彎曲的,neg
不明,neg
不明瞭,neg
不明瞭的,neg
不明確,neg
不明確的,neg
不服從,neg
不服從的,neg
不注意,neg
不注意的,neg
不法,neg
不法行為,neg
不法的,neg
不直截了當,neg
不直截了當的,neg
不知,neg
不知不覺,neg
不知不覺的,neg
不知所措,neg
不知的,neg
不知恩,neg
不知羞恥,neg
不知羞恥的,neg
不知道,neg
不知道的,neg
不肯,neg
不肯定,neg
不肯定的,neg
不肯接受,neg
不肯越過障礙物,neg
不近,neg
不近人情,neg
不近人情的,neg
不長,neg
不長果實,neg
不長果實的,neg
不信,neg
不信任,neg
不信任的,neg
不信實,neg
不信實的,neg
不便,neg
不便之處,neg
不便的,neg
不厚道,neg
不厚道的,neg
不恰當,neg
不恰當地,neg
不流行,neg
不流行的,neg
不流動,neg
不流動的,neg
不活潑,neg
不活潑的,neg
不為,neg
不為人喜,neg
不為人喜的,neg
不省,neg
不省人事,neg
不省人事的,neg
不相宜,neg
不相信,neg
不相容,neg
不美,neg
不美的,neg
不耐,neg
不耐煩,neg
不耐煩的,neg
不負責任,neg
不負責任的,neg
不重要,neg
不重要之人,neg
不重要的,neg
不重視,neg
不值得,neg
不值得的,neg
不值錢,neg
不值錢的,neg
不值錢的東西,neg
不修邊幅,neg
不准,neg
不容易的,neg
不屑,neg
不屑做,neg
不悅,neg
不悅之色,neg
不悅耳,neg
不悅耳的,neg
不留心,neg
不留心的,neg
不留神,neg
不留神的,neg
不真實,neg
不真實的,neg
不眠,neg
不眠的,neg
不純,neg
不純的,neg
不純潔,neg
不純潔的,neg
不能,neg
不能決定,neg
不能決定的,neg
不能征服,neg
不能征服的,neg
不能的,neg
不能肯定,neg
不能信賴,neg
不能信賴的,neg
不能容忍,neg
不能容忍的,neg
不能區別,neg
不能區別的,neg
不能勝任,neg
不能勝任的,neg
不能想像,neg
不能想像的,neg
不能解決,neg
不能解決的,neg
不能解決問題,neg
不能解決問題的,neg
不能解釋,neg
不能解釋的,neg
不能說明,neg
不能說明的,neg
不能辨別,neg
不能辨別的,neg
不能壓制,neg
不能壓制的,neg
不能矯正,neg
不能矯正的,neg
不能醫治,neg
不能醫治的,neg
不起作用,neg
不高,neg
不高興,neg
不高興的,neg
不健全,neg
不健全的,neg
不健康,neg
不健康的,neg
不參加,neg
不堅固,neg
不堅固的,neg
不夠,neg
不夠的,neg
不得人心,neg
不得人心的,neg
不得力,neg
不得力的,neg
不得已,neg
不得已的,neg
不得要領,neg
不得要領的,neg
不情願,neg
不情願的,neg
不清,neg
不清楚,neg
不清楚的,neg
不理會,neg
不祥,neg
不祥的,neg
不符,neg
不習慣,neg
不習慣的,neg
不莊重,neg
不莊重的,neg
不規則,neg
不規則的,neg
不規則的事物,neg
不許,neg
不勝任,neg
不勝任的,neg
不喜歡,neg
不尊重,neg
不尋常,neg
不尋常的,neg
不愉快,neg
不愉快的,neg
不愉快的事,neg
不景氣,neg
不景氣的,neg
不發達,neg
不結果,neg
不結果的,neg
不結果實,neg
不結果實的,neg
不舒服,neg
不舒服的,neg
不舒適,neg
不舒適的,neg
不雅觀,neg
不雅觀的,neg
不順利,neg
不順利的,neg
不順當,neg
不順當地,neg
不新鮮,neg
不新鮮的,neg
不會,neg
不會的,neg
不經意說出,neg
不經濟,neg
不經濟的,neg
不誠實,neg
不誠實的,neg
不道德,neg
不道德的,neg
不像,neg
不像真實,neg
不像真實的,neg
不寧,neg
不實在,neg
不實在的,neg
不對,neg
不對頭,neg
不對頭地,neg
不滿,neg
不滿足,neg
不滿意,neg
不滿意的,neg
不稱心,neg
不稱心地,neg
不端,neg
不管,neg
不管怎樣,neg
不管怎樣地,neg
不精密,neg
不精密的,neg
不精確,neg
不說話,neg
不說話的,neg
不遜,neg
不遜的,neg
不履行,neg
不樂,neg
不潔,neg
不潔的,neg
不潔淨,neg
不潔淨的,neg
不熟悉,neg
不熟悉的,neg
不確,neg
不確定,neg
不確定的,neg
不確的,neg
不確信,neg
不確實,neg
不確實的,neg
不調和,neg
不調和的,neg
不適,neg
不適任,neg
不適任的,neg
不適時,neg
不適時的,neg
不適當,neg
不適當的,neg
不適應環境,neg
不適應環境的,neg
不整齊,neg
不整齊的,neg
不親切,neg
不親切的,neg
不懂事,neg
不懂事的,neg
不檢,neg
不講道理,neg
不講道理的,neg
不賺錢,neg
不賺錢的,neg
不斷,neg
不斷引起苦惱,neg
不斷地找..的岔子,neg
不斷嘮叨,neg
不斷騷擾,neg
不禮貌,neg
不謹慎,neg
不謹慎的,neg
不穩,neg
不穩固,neg
不穩固的,neg
不穩定,neg
不穩定的,neg
不識,neg
不識字,neg
不識字的,neg
不贊同,neg
不贊成,neg
不關,neg
不關心,neg
不關心的,neg
不關緊要之事,neg
不願意,neg
不願意的,neg
不嚴密,neg
不覺,neg
不顧,neg
不顧一切,neg
不顧一切地,neg
不顧後果,neg
不顧後果的,neg
不聽話,neg
不聽話的,neg
不體面,neg
不體面的,neg
中止,neg
中傷,neg
中傷性,neg
中傷性的,neg
中傷者,neg
中斷,neg
互撞,neg
仇恨,neg
仇敵,neg
介意,neg
內疚,neg
內情,neg
公憤,neg
冗長,neg
冗長乏味,neg
冗長乏味的,neg
冗長的,neg
冗語,neg
冗餘,neg
凶兆,neg
分心,neg
分心的事物,neg
分歧,neg
分泌毒液,neg
分泌毒液的,neg
分割,neg
分裂,neg
分裂的,neg
分開,neg
分隔,neg
分離,neg
分離的,neg
切斷,neg
勾引,neg
勾結,neg
化膿,neg
厄運,neg
反托拉斯,neg
反托拉斯的,neg
反作用,neg
反抗,neg
反抗的,neg
反衝,neg
反衝的,neg
反社會,neg
反叛,neg
反叛者,neg
反動,neg
反動分子,neg
反動主義,neg
反動主義的,neg
反動主義者,neg
反動的,neg
反動派,neg
反常,neg
反常的,neg
反常現象,neg
反覆,neg
反覆告訴,neg
反覆無常,neg
反感,neg
反話,neg
反對,neg
反對..提案,neg
反對改革,neg
反對改革的,neg
反對的,neg
反對者,neg
反駁,neg
反駁的,neg
反衝,neg
反諷,neg
反覆,neg
反覆無常,neg
反覆無常的,neg
反壟斷,neg
反壟斷的,neg
反證,neg
太過,neg
太過自信,neg
太過自信的,neg
太遲,neg
太遲的,neg
少給,neg
巴掌,neg
巴結,neg
幻想,neg
引起不舒服,neg
引起死亡,neg
引起疼痛,neg
引起緊張,neg
引起緊張的,neg
引起嘲笑,neg
引起嘲笑的,neg
引起震驚,neg
引起震驚的事件,neg
引誘,neg
心甘情願,neg
心地不好,neg
心地不好的,neg
心神不安,neg
心神不安的,neg
心神不定,neg
心情不穩,neg
心情不穩的,neg
心情浮動,neg
心情浮動的,neg
心眼壞,neg
心眼壞的,neg
心智衰弱,neg
心虛,neg
心虛的,neg
心慌,neg
支付利息,neg
支吾,neg
支配,neg
文盲,neg
木棍,neg
欠缺,neg
欠缺的,neg
欠錢,neg
止步,neg
歹徒,neg
毛病,neg
毛骨悚然,neg
毛骨悚然的,neg
水妖,neg
水性楊花,neg
水性楊花的女人,neg
水雷,neg
火災,neg
犬儒,neg
犬儒主義,neg
世仇,neg
世代結仇,neg
世俗,neg
世俗的,neg
世故,neg
世界末日,neg
世界的末日,neg
乏味,neg
乏味的,neg
以..為賭注,neg
以牙還牙,neg
以呻吟聲說出,neg
以為不可,neg
以喧鬧聲擾,neg
以誘餌吸引,neg
以餌引誘,neg
代罪羔羊,neg
代價,neg
令人不愉快,neg
令人不愉快的,neg
令人不滿意,neg
令人不滿意的,neg
令人失望,neg
令人失望的人,neg
令人沮喪,neg
令人沮喪的,neg
令人恐懼,neg
令人恐懼的,neg
令人討厭,neg
令人討厭的,neg
令人討厭的人,neg
令人討厭的事物,neg
令人窒息,neg
令人窒息的濃煙,neg
令人悲痛,neg
令人悲痛的,neg
令人無法忍受,neg
令人無法忍受的,neg
令人傷心,neg
令人傷心的,neg
令人煩惱,neg
令人煩惱的,neg
令人厭惡,neg
令人厭惡的,neg
令人憤慨,neg
令人憤慨的,neg
令人頭痛之事,neg
令人懷疑,neg
令人懷疑的,neg
令退役,neg
充公,neg
充血,neg
充滿危險,neg
充滿危險的,neg
凹下,neg
凹痕,neg
凹陷,neg
出乎,neg
出乎意料,neg
出乎意料地,neg
出沒,neg
出沒於,neg
出軌,neg
出賣,neg
加油門快速前進,neg
加負荷於,neg
加負擔於,neg
加重,neg
加重壓於,neg
加害,neg
加深,neg
加罪,neg
加罪於,neg
加障礙於,neg
加劇,neg
功利,neg
功利主義,neg
功利主義的,neg
功利主義者,neg
功利的,neg
功利論者,neg
包圍,neg
匆匆忙忙,neg
匆匆忙忙的,neg
匆忙,neg
匆忙地走,neg
匆忙地做,neg
匆忙嚥下,neg
卡住,neg
去世,neg
去除,neg
可作兩種解釋,neg
可忍受,neg
可忍受的,neg
可怕,neg
可怕的,neg
可怕的人,neg
可怕的事,neg
可怕的事物,neg
可爭論,neg
可爭論的,neg
可容忍,neg
可容忍的,neg
可恥,neg
可恥的,neg
可恥的人,neg
可笑,neg
可笑的,neg
可惜,neg
可惜的,neg
可惡,neg
可惡的,neg
可悲,neg
可悲的,neg
可厭,neg
可厭惡,neg
可厭惡的,neg
可疑,neg
可疑分子,neg
可疑的,neg
可鄙,neg
可鄙的,neg
可憐,neg
可憐的,neg
可憐的人,neg
可憎,neg
可憎的,neg
可歎,neg
可歎的,neg
古怪,neg
古怪的,neg
古怪的人,neg
叫化子,neg
叫吠,neg
叫喊,neg
叫喊著說,neg
叫喊聲,neg
叱責,neg
四處覓食,neg
四散,neg
囚犯,neg
外行,neg
外行的,neg
外來,neg
外來的,neg
外傷,neg
外傷用,neg
外傷用的,neg
外傷的,neg
失去,neg
失去..,neg
失去..的,neg
失去母獸,neg
失去母獸的小動物,neg
失去光澤,neg
失去法律保護,neg
失去知覺,neg
失去知覺的,neg
失去勇氣,neg
失去能力,neg
失去感覺,neg
失去感覺的,neg
失事,neg
失明,neg
失效,neg
失眠,neg
失眠的,neg
失常,neg
失控,neg
失控地,neg
失措,neg
失敗,neg
失敗的,neg
失敗者,neg
失望,neg
失策,neg
失業,neg
失業人數,neg
失業的,neg
失業者,neg
失業者的,neg
失察,neg
失誤,neg
失調,neg
失調的,neg
失檢,neg
失禮,neg
失禮的,neg
失寵,neg
奴役,neg
巨物,neg
巨瀾,neg
巧取,neg
幼稚,neg
幼稚的,neg
打..的屁股,neg
打入,neg
打入地獄,neg
打入地獄的,neg
打仗,neg
打出,neg
打耳光,neg
打屁股,neg
打哈欠,neg
打架,neg
打倒,neg
打破,neg
打偏,neg
打著哈欠說,neg
打亂,neg
打碎,neg
打滾,neg
打賭,neg
打擊,neg
打鼾,neg
打擾,neg
打斷,neg
打顫,neg
打攪,neg
斥責,neg
未下定義,neg
未下定義的,neg
未上班者,neg
未中,neg
未加,neg
未加抑制,neg
未加抑制的,neg
未必,neg
未必的,neg
未成熟,neg
未成熟的,neg
未完全發展,neg
未完全發展的,neg
未完成,neg
未完成的,neg
未完成體,neg
未決定,neg
未決定的,neg
未見過的,neg
未受制止,neg
未受制止的,neg
未定,neg
未定的,neg
未知,neg
未知的,neg
未知的東西,neg
未知數,neg
未指明,neg
未指明的,neg
未得到,neg
未被,neg
未被通知,neg
未被通知的,neg
未被證明為正當,neg
未被證明為正當的,neg
未減輕,neg
未減輕的,neg
未發覺,neg
未發覺的,neg
未開化,neg
未開化的,neg
未經,neg
未經訓練,neg
未經訓練的,neg
未經通知,neg
未經通知的,neg
未經檢查,neg
未經檢查的,neg
未解決,neg
未解決的,neg
未詳細說明,neg
未詳細說明的,neg
未達到,neg
未確定,neg
未確定的,neg
未緩和,neg
未緩和的,neg
未擊中,neg
未獲,neg
未獲情報,neg
未獲情報的,neg
未觸及,neg
未觸及的,neg
末日,neg
末日審判,neg
正式放棄,neg
正式脫離或退出,neg
母夜叉,neg
犯了罪,neg
犯了罪的,neg
犯人,neg
犯殺人罪,neg
犯規,neg
犯罪,neg
犯罪的,neg
犯罪者,neg
犯過失,neg
犯過錯,neg
犯錯,neg
瓜分,neg
瓦解,neg
生活放蕩,neg
生活放蕩的人,neg
生活艱苦,neg
生活艱苦的,neg
生氣,neg
生氣的,neg
生病,neg
生病的,neg
生疏,neg
生疏的,neg
生硬,neg
生硬的,neg
生裂縫,neg
生銹,neg
生銹的,neg
用力,neg
用力按,neg
用力擊,neg
用手掌打,neg
用皮帶抽打,neg
用矛刺,neg
用尖銳,neg
用尖銳的聲音說,neg
用沸水燙,neg
用拳猛擊,neg
用臭氣趕出,neg
用帶捆住,neg
用欺騙致使,neg
用碎紙機撕毀,neg
用話刺痛,neg
用詭計取得,neg
用槍射擊,neg
用盡,neg
用嘶啞,neg
用嘶啞的聲音說,neg
用憤怒,neg
用憤怒的目光表示,neg
用樹籬圍,neg
用濫,neg
用濫的,neg
用舊,neg
申斥,neg
白日夢,neg
白吃,neg
白費,neg
白費的,neg
白癡,neg
白癡的,neg
白癡般,neg
白癡般的,neg
目中無人,neg
目中無人的,neg
目光短淺,neg
目光短淺的,neg
矛盾,neg
矛盾的,neg
丟失,neg
丟掉,neg
丟棄,neg
丟臉,neg
丟臉的,neg
丟臉的人,neg
丟臉的事,neg
丟醜,neg
丟醜的人,neg
交疲,neg
交惡運,neg
交惡運的,neg
交媾,neg
交戰,neg
交戰的,neg
交戰國,neg
交戰國的,neg
仿造,neg
仿造品,neg
仿製,neg
仿製品,neg
休止,neg
休克,neg
伏兵,neg
伏擊,neg
任性,neg
任性的,neg
任性的舉動,neg
任意,neg
任意的,neg
兇手,neg
凶狠,neg
凶狠的,neg
兇殺,neg
兇猛,neg
兇猛的,neg
兇惡,neg
兇惡的,neg
全無,neg
全無的,neg
共犯,neg
共謀,neg
刑事,neg
刑事被告,neg
劣馬,neg
劣等,neg
劣等的,neg
劣勢,neg
劣質,neg
劣質的,neg
劣學生,neg
危及,neg
危地,neg
危困,neg
危急,neg
危急的,neg
危害,neg
危害物,neg
危機,neg
危險,neg
危險之源,neg
危險物,neg
危險的,neg
危險期,neg
同性戀者,neg
同情,neg
同情的,neg
同謀,neg
吊兒郎當,neg
吊兒郎當的人,neg
向..挑戰,neg
向..開槍,neg
名聲臭,neg
吃同類,neg
吃同類的動物,neg
吃得過飽,neg
吃驚,neg
因循,neg
回絕,neg
迴避,neg
地牢,neg
地雷,neg
地獄,neg
地震,neg
在..下挖掘,neg
在..上蔓生,neg
在..中加入脂肪,neg
在..埋地雷,neg
在..留下疤痕,neg
在..搜尋,neg
多刺,neg
多刺的,neg
多風暴,neg
多風暴的,neg
多陰雨,neg
多陰雨的,neg
多疑,neg
多疑的,neg
多餘,neg
多餘物,neg
多餘的,neg
妄求,neg
妄為,neg
妄動,neg
妄動的,neg
奸詐,neg
奸詐的,neg
好色,neg
好事,neg
好事的人,neg
好爭論,neg
好爭論的,neg
好挖苦人,neg
好挖苦人的,neg
好鬥,neg
好鬥的,neg
好責罵,neg
好責罵的人,neg
好嘮叨,neg
好嘮叨的人,neg
好戰,neg
好戰的,neg
好戰者,neg
如死一般,neg
如死一般地,neg
如野獸般,neg
如野獸般的,neg
如獸,neg
如獸的,neg
存心,neg
存心的,neg
存有偏見,neg
存有偏見的,neg
存偏見,neg
守財奴,neg
尖叫,neg
尖叫著說,neg
尖叫聲,neg
尖刻,neg
尖刻的,neg
尖著,neg
尖著聲音講,neg
尖嘯,neg
尖銳,neg
尖銳的,neg
尖聲,neg
尖聲喊叫,neg
尖聲發出,neg
忙亂,neg
成見,neg
成空,neg
成為空,neg
成為空的,neg
成為零,neg
成為障礙,neg
成問題,neg
成問題的,neg
成碎片,neg
成零,neg
成廢物,neg
成廢物的,neg
扣住,neg
扣押,neg
扣留,neg
托辭,neg
收買,neg
曲折,neg
曲折的,neg
曲解,neg
有..傾向,neg
有..傾向的,neg
有目的,neg
有矛盾情緒,neg
有矛盾情緒的,neg
有危險,neg
有危險的,neg
有成見,neg
有困難,neg
有困難的,neg
有毒,neg
有毒的,neg
有毒腺,neg
有毒腺的,neg
有害,neg
有害的,neg
有害的動物,neg
有害的植物,neg
有差別,neg
有差別地對待,neg
有差異,neg
有差異的,neg
有特權,neg
有特權的,neg
有病,neg
有病的,neg
有缺陷,neg
有缺陷的,neg
有缺點,neg
有缺點的,neg
有條件投降,neg
有惡意,neg
有惡意的,neg
有瑕疵,neg
有瑕疵的,neg
有罪,neg
有罪的,neg
有詭計,neg
有詭計的,neg
有點兒,neg
有顧忌,neg
有顧忌的,neg
有癮,neg
有癮的人,neg
次品,neg
次要,neg
次要的,neg
次級,neg
死亡,neg
死亡狀態,neg
死的,neg
死者,neg
死氣,neg
死氣沈沈,neg
死氣沈沈的,neg
死記,neg
死記硬背功課,neg
污名,neg
污的,neg
污物,neg
污垢,neg
污染,neg
污跡,neg
污漬,neg
污蔑,neg
污濁,neg
污濁的,neg
污點,neg
污穢,neg
污穢的,neg
灰心,neg
灰心的,neg
老生常談,neg
老年,neg
老年的,neg
老馬,neg
老處女,neg
自大,neg
自大的,neg
自任,neg
自任不凡,neg
自任不凡的,neg
自吹,neg
自吹自擂,neg
自吹自擂說,neg
自我,neg
自我中心,neg
自我中心的,neg
自我本位,neg
自我本位的,neg
自私,neg
自私的,neg
自卑,neg
自卑情緒,neg
自卑感,neg
自命,neg
自封,neg
自負,neg
自負的,neg
自負的地方,neg
自責,neg
自誇,neg
自誇的,neg
自誇說,neg
自稱,neg
自擾,neg
色慾,neg
血腥,neg
血腥的,neg
行刺,neg
行為不良,neg
行為不良的人,neg
行為不端,neg
行為不檢,neg
行為不檢的,neg
行為不禮貌,neg
行賄,neg
行騙,neg
行竊,neg
作犯規動作,neg
作低沈聲,neg
作弄,neg
作祟,neg
作嘔,neg
作弊,neg
作廢,neg
作戰,neg
作驚人表演,neg
低水平,neg
低劣,neg
低沈,neg
低於他人者,neg
低級,neg
低級的,neg
低級庸俗,neg
低級庸俗的,neg
低落,neg
低聲,neg
低聲地,neg
低聲含糊,neg
低聲含糊地說,neg
佈置地雷或水雷,neg
免職,neg
冷笑,neg
冷淡,neg
冷淡的,neg
冷落,neg
冷漠,neg
冷酷,neg
冷酷地,neg
冷酷的,neg
冷嘲,neg
冷嘲的,neg
冷嘲熱諷,neg
判刑,neg
判決,neg
利己,neg
利己主義,neg
利己主義的,neg
刪去,neg
刪除,neg
劫掠,neg
吝惜,neg
吝嗇,neg
吝嗇的,neg
吝嗇鬼,neg
吞吃,neg
否決,neg
否決權,neg
否定,neg
否定的,neg
否認,neg
呆子,neg
呆笨,neg
呆笨的,neg
呆滯,neg
呆滯的,neg
告密,neg
告密者,neg
告發,neg
告訴錯誤,neg
告訴錯誤的消息,neg
告誡,neg
吹牛,neg
吹牛皮,neg
吹捧,neg
吹噓,neg
吹噓說,neg
吸毒,neg
吸毒者,neg
吵吵鬧鬧,neg
吵吵鬧鬧的要求,neg
吵架,neg
吵鬧,neg
吵鬧的,neg
吵鬧聲,neg
吼叫,neg
吼叫著表達,neg
含有特定意味,neg
含沙射影,neg
含混,neg
含混的,neg
含淚,neg
含糊,neg
含糊地說,neg
含糊地說話,neg
含糊的,neg
含糊話,neg
困乏,neg
困局,neg
困惑,neg
困窘,neg
困境,neg
困窮,neg
困窮的,neg
困擾,neg
困難,neg
困難的,neg
坐立不安,neg
坐臥不安,neg
夾痛,neg
妒忌,neg
妨害,neg
妨害物,neg
妨礙,neg
妨礙者,neg
妓女,neg
完全喪失,neg
完全喪失的,neg
完全喪失者,neg
侷促,neg
侷促不安,neg
局限,neg
局限於狹小空間,neg
岔子,neg
巫術,neg
弄凹,neg
弄死,neg
弄污,neg
弄歪,neg
弄混,neg
弄跛,neg
弄亂,neg
弄碎,neg
弄皺,neg
弄複雜,neg
弄錯,neg
弄糟,neg
弄翻,neg
弄壞,neg
弄髒,neg
形容枯槁,neg
形容枯槁的,neg
忘恩,neg
忘恩負義,neg
忘恩負義的,neg
忘記,neg
忌諱,neg
忌諱的,neg
忍住,neg
忍受,neg
快枯竭,neg
快枯竭的,neg
快活,neg
抗議,neg
抗辯,neg
抗辯的,neg
抖顫,neg
扭打,neg
扭曲,neg
扭歪,neg
扭斗,neg
扭傷,neg
把..分隔開,neg
把..孤注一擲,neg
把..烤焦,neg
把..強加於,neg
把..割下,neg
把..悶死,neg
把..燒焦,neg
把..嚇出來,neg
把..嚇跑,neg
把..歸咎於,neg
把工作搞糟,neg
把關在欄內,neg
扼死,neg
扼制,neg
扼殺,neg
批判,neg
批評,neg
批評家,neg
批駁,neg
扯破,neg
扯破的洞,neg
扯碎,neg
折磨,neg
折斷,neg
折舊,neg
投入深淵,neg
投降,neg
投訴,neg
投彈,neg
投彈於,neg
投機,neg
抓住,neg
抓取,neg
抓得之物,neg
抓傷,neg
抑止,neg
抑制,neg
抑制的,neg
攻佔,neg
攻擊,neg
攻擊性,neg
攻擊性的,neg
攻擊者,neg
更惡劣,neg
更惡劣地,neg
更惡劣的事,neg
更壞,neg
更壞地,neg
更壞的事,neg
束手,neg
束手無策,neg
束縛,neg
束縛物,neg
步入歧途,neg
步入歧途的,neg
沈下,neg
沈下臉,neg
沈沈,neg
沈沈不樂,neg
沈沈不樂的,neg
沈沒,neg
沈重,neg
沈重地走,neg
沈重的,neg
沈重的步伐,neg
沈重的責任,neg
沈重的腳步聲,neg
沈重緩慢,neg
沈重緩慢地走,neg
沈迷,neg
沈寂,neg
沈寂的,neg
沈悶,neg
沈悶的,neg
沈溺,neg
沖打,neg
沖蝕,neg
沒收,neg
沒收物,neg
沒有,neg
沒有目標,neg
沒有目標的,neg
沒有考慮,neg
沒有考慮的,neg
沒有自信,neg
沒有自信的,neg
沒有防備,neg
沒有防備的,neg
沒有經驗,neg
沒有經驗的,neg
沒有觀察到,neg
沒有觀察到的,neg
沒到,neg
沒受,neg
沒受教育,neg
沒受教育的,neg
沒注意到,neg
沒規矩,neg
沒規矩的,neg
沒覺察到,neg
沒覺察到的,neg
汽車扣押場,neg
灼枯,neg
灼痛,neg
灼痛感,neg
灼傷,neg
災害,neg
災禍,neg
災難,neg
牢騷,neg
狂妄,neg
狂妄的,neg
狂奔,neg
狂放,neg
狂怒,neg
狂怒的,neg
狂怒的人,neg
狂風,neg
狂風大浪,neg
狂亂,neg
狂亂地說,neg
狂亂的,neg
狂暴,neg
狂暴地,neg
狂暴的,neg
狂熱,neg
狂熱地,neg
狂熱的,neg
狂熱者,neg
狂罵,neg
私生,neg
私生的,neg
私通,neg
私運,neg
私黨,neg
良心不安,neg
見鬼,neg
赤字,neg
赤貧,neg
赤貧者,neg
赤裸裸,neg
赤裸裸的,neg
走失,neg
走失的,neg
走失的家畜,neg
走失動物認領欄,neg
走私,neg
走得慢,neg
走散,neg
走散的人,neg
走險,neg
辛苦,neg
辛苦地,neg
辛苦的,neg
辛辣,neg
辛辣的,neg
辛酸,neg
迂迴,neg
迂迴的,neg
迂迴說法,neg
迂迴,neg
迂迴的,neg
邪神,neg
邪惡,neg
邪惡的,neg
防守狀態,neg
乖張,neg
乖張的,neg
乖僻,neg
事故,neg
佯裝,neg
依賴,neg
依賴他人者,neg
依賴的,neg
使..失去法律保護,neg
使一團糟,neg
使一蹶不振,neg
使人不高興,neg
使人不愉快,neg
使人不愉快的,neg
使人反感,neg
使人反感的,neg
使人生氣,neg
使人產生不愉快,neg
使人產生不愉快的感覺,neg
使人痛苦,neg
使人痛苦的,neg
使人厭惡,neg
使人厭惡的,neg
使人厭煩,neg
使人厭煩的,neg
使下垂,neg
使上癮,neg
使士氣低落,neg
使大傷元氣,neg
使不平,neg
使不正常,neg
使不合格,neg
使不安,neg
使不足,neg
使不知所措,neg
使不相宜,neg
使不能,neg
使不高興,neg
使不舒服,neg
使不適,neg
使不關心,neg
使中斷,neg
使分心,neg
使分裂,neg
使分隔,neg
使分離,neg
使反感,neg
使心智衰弱,neg
使心慌,neg
使充滿臭氣,neg
使凹下,neg
使凹陷,neg
使加深,neg
使失去,neg
使失去光澤,neg
使失去勇氣,neg
使失去能力,neg
使失去感覺,neg
使失事,neg
使失明,neg
使失效,neg
使失常,neg
使失敗,neg
使失望,neg
使失調,neg
使失寵,neg
使瓦解,neg
使生氣,neg
使用計謀,neg
使用計謀的,neg
使丟臉,neg
使休克,neg
使存偏見,neg
使成孤兒,neg
使成殘廢,neg
使成廢墟,neg
使有危險,neg
使有成見,neg
使有缺陷,neg
使污濁,neg
使灰心,neg
使行為不端,neg
使作嘔,neg
使含糊,neg
使困惑,neg
使困窘,neg
使侷促不安,neg
使局限於狹小空間,neg
使折斷,neg
使更壞,neg
使束手無策,neg
使沈沒,neg
使沈溺,neg
使狂熱,neg
使赤貧,neg
使身心交疲,neg
使受人輕視,neg
使受危困,neg
使受到傷害,neg
使受毒氣影響,neg
使受傷,neg
使受電擊,neg
使受嚴重損傷,neg
使委屈,neg
使孤立,neg
使孤寂,neg
使延期,neg
使抽動,neg
使放縱,neg
使昏亂,neg
使服從,neg
使沾上泥污,neg
使沮喪,neg
使氾濫,neg
使空轉,neg
使糾纏,neg
使便宜,neg
使咬字不清晰,neg
使後退,neg
使枯萎,neg
使枯竭,neg
使苦惱,neg
使負重擔,neg
使降級,neg
使降級品格,neg
使倒塌,neg
使凌亂,neg
使恐怖,neg
使恐慌,neg
使恐懼,neg
使挫折,neg
使挨餓,neg
使氣餒,neg
使消沈,neg
使消散,neg
使狼狽,neg
使疾走,neg
使病弱,neg
使疲倦,neg
使疲倦的,neg
使疲勞,neg
使疼痛,neg
使破產,neg
使破裂,neg
使破爛,neg
使紊亂,neg
使純,neg
使茫然,neg
使荒蕪,neg
使衰竭,neg
使討厭,neg
使起糾紛,neg
使起皺紋,neg
使逆行,neg
使迷惑,neg
使退卻,neg
使骨折,neg
使乾枯,neg
使停頓,neg
使堵塞,neg
使得災禍,neg
使混淆,neg
使混亂,neg
使淪為乞丐,neg
使產生紋裂,neg
使疏遠,neg
使窒息,neg
使粗糙,neg
使羞愧,neg
使脫軌,neg
使處於不利,neg
使處於不利地位,neg
使蛀壞,neg
使貧困,neg
使貧窮,neg
使透不過氣來,neg
使陰暗,neg
使陷入,neg
使陷入困境,neg
使陷危,neg
使陷危地,neg
使陷於,neg
使麻木,neg
使喪失,neg
使惡化,neg
使悲痛,neg
使悲傷,neg
使惱火,neg
使惱怒,neg
使散落,neg
使減少,neg
使焦慮,neg
使無法動棋子,neg
使無效,neg
使無能為力,neg
使無資格,neg
使痛苦,neg
使痙攣,neg
使發出撞擊聲,neg
使發狂,neg
使發怒,neg
使發愣,neg
使發愁,neg
使發燒,neg
使短路,neg
使稀薄,neg
使窘迫不安,neg
使費解,neg
使跛,neg
使跛行,neg
使鈍,neg
使黑暗,neg
使傾側,neg
使傾覆,neg
使傷殘,neg
使感覺不滿,neg
使暈眩,neg
使極,neg
使極度痛苦,neg
使極度激動,neg
使極苦悶,neg
使極痛苦,neg
使毀滅,neg
使煩惱,neg
使煩亂,neg
使煩燥,neg
使煩躁,neg
使碎裂,neg
使落入圈套,neg
使落空,neg
使載重,neg
使道德敗壞,neg
使過早硫化,neg
使隔絕,neg
使隔離,neg
使厭倦,neg
使厭倦的,neg
使厭惡,neg
使厭煩,neg
使對立,neg
使對抗,neg
使慘敗,neg
使摔倒,neg
使滲漏,neg
使緊張,neg
使腐朽,neg
使腐敗,neg
使腐蝕,neg
使腐爛,neg
使蒙受恥辱,neg
使蒙羞,neg
使僵持,neg
使墮落,neg
使憂傷,neg
使憂鬱,neg
使憤怒,neg
使敵對,neg
使暴露,neg
使模糊,neg
使潛入,neg
使皺縮,neg
使糊塗,neg
使蓬亂,neg
使複雜,neg
使複雜化,neg
使複雜的因素,neg
使遭危險,neg
使遭受,neg
使遭受海難,neg
使震動,neg
使餓死,neg
使激動,neg
使磨損,neg
使遲鈍,neg
使錯綜,neg
使頭暈眼花,neg
使繃緊,neg
使膽寒,neg
使臨險境,neg
使舉止失禮,neg
使隱退,neg
使擺脫,neg
使斷念,neg
使斷裂,neg
使朦朧,neg
使離婚,neg
使離鄉背井,neg
使爆炸,neg
使難辦,neg
使競爭,neg
使纏結,neg
使變空,neg
使變得不愉快,neg
使變得低劣,neg
使變得無恥,neg
使變陳腐,neg
使變黑,neg
使變暗,neg
使變暗淡,neg
使變酸,neg
使變模糊,neg
使變醜,neg
使驚呆,neg
使驚恐,neg
使驚訝,neg
使驚愕,neg
使驚惶失措,neg
使驚慌,neg
使驚懼,neg
使噁心,neg
供給..過強,neg
供給..過強的力量,neg
供認,neg
兩難,neg
刻板,neg
刻板的,neg
刻薄,neg
刻薄的,neg
刺入,neg
刺死,neg
刺耳,neg
刺耳的,neg
刺耳聲,neg
刺客,neg
刺針,neg
刺骨,neg
刺探,neg
刺眼,neg
刺眼的強光,neg
刺棒,neg
刺痛,neg
刺痛人,neg
刺痛的,neg
刺傷,neg
刺激,neg
刺激物,neg
刮出,neg
刮出刺耳聲,neg
刮走,neg
刮掉,neg
刮落,neg
制止,neg
制止物,neg
制服,neg
卑下,neg
卑下的,neg
卑劣,neg
卑劣的,neg
卑屈,neg
卑微,neg
卑微的,neg
卑鄙,neg
卑鄙小人,neg
卑鄙地,neg
卑鄙的,neg
卑鄙的人,neg
卑賤,neg
卑賤的,neg
取消,neg
取笑,neg
受抑止,neg
受到阻滯,neg
受阻,neg
受阻止,neg
受害,neg
受害的,neg
受害者,neg
受挫,neg
受挫折,neg
受挫折的,neg
受悶,neg
受痛苦,neg
受詛咒,neg
受詛咒的,neg
受傷,neg
受傷的,neg
受感情驅使,neg
受感情驅使的,neg
受損失,neg
受損害,neg
受腐蝕,neg
受難,neg
受難者,neg
受騙,neg
受騙者,neg
受驚,neg
呵欠,neg
咕噥,neg
咕噥著說,neg
呻吟,neg
咒語,neg
咒罵,neg
咆哮,neg
咆哮得使,neg
咆哮著說,neg
呼嘯,neg
命令,neg
命運注定,neg
命運注定的,neg
固執,neg
固執己見,neg
固執的,neg
垃圾,neg
垃圾場,neg
夜盜,neg
奉承,neg
奇怪,neg
奇怪的,neg
奈何,neg
委屈,neg
姑息,neg
孤立,neg
孤立的,neg
孤兒,neg
孤寂,neg
孤寂的,neg
孤單,neg
孤單的,neg
孤獨,neg
孤獨的,neg
孤獨的人,neg
定罪,neg
尚未,neg
尚未準備好,neg
尚未準備好的,neg
尚武,neg
尚武的,neg
屈服,neg
屈辱,neg
屈從,neg
延期,neg
延誤,neg
延緩,neg
延遲,neg
征服,neg
忽略,neg
忽視,neg
忿怒,neg
忿恨,neg
忿恨的,neg
怪物,neg
怪胎,neg
怪異,neg
怪異的,neg
怪異的東西,neg
怪異風格,neg
怪誕,neg
怪誕的行動,neg
怪誕的事物,neg
怪誕的圖樣,neg
性急,neg
承受,neg
承受不住,neg
承受不住的,neg
拉緊,neg
抹去,neg
拒付,neg
拒受,neg
拒絕,neg
拒絕..,neg
拒絕..的要求,neg
拒絕承兌,neg
拒絕承認,neg
拒絕接受,neg
拒絕給予,neg
拒給,neg
招供,neg
招致,neg
招致毀滅,neg
招致毀滅的,neg
拋棄,neg
抨擊,neg
抽打,neg
抽筋,neg
抽噎,neg
抽噎地哭,neg
抽搐,neg
押往,neg
押往監獄,neg
拙劣,neg
拍打,neg
拍擊,neg
拍擊..使之前進,neg
抵抗,neg
抵制,neg
抵消,neg
牴觸,neg
抱怨,neg
抱怨地說,neg
抱歉,neg
抱歉的,neg
拘束,neg
拘泥,neg
拘留,neg
拘留所,neg
拘留處,neg
拖欠,neg
拖延,neg
拖累,neg
拖著,neg
拖著行進,neg
拖著腳走,neg
拖緊,neg
拖沓,neg
拖沓地進行,neg
拆除,neg
拆毀,neg
放任,neg
放低,neg
放射,neg
放棄,neg
放棄權利,neg
放逐,neg
放肆,neg
放肆的,neg
放蕩,neg
放蕩的,neg
放縱,neg
放縱的,neg
易生氣,neg
易生氣的,neg
易受,neg
易受..影響,neg
易受..影響的,neg
易受騙,neg
易受騙的,neg
易怒,neg
易怒的,neg
易被瞞,neg
易被瞞的,neg
易損壞,neg
易損壞的,neg
易煩惱,neg
易煩惱的,neg
易碎,neg
易碎的,neg
易瞞,neg
易壞,neg
易壞的,neg
易爆發,neg
易爆發的,neg
易變,neg
易變的,neg
昂貴,neg
昂貴地,neg
昂貴的,neg
昏昏欲睡,neg
昏昏欲睡的,neg
昏倒,neg
昏迷,neg
昏迷的,neg
昏厥,neg
昏亂,neg
昏暗,neg
昏暗的,neg
昏暈,neg
服麻醉品,neg
服喪,neg
板臉,neg
武力,neg
武裝,neg
武裝部隊,neg
武裝部隊的,neg
歧途,neg
泥污,neg
泥坑,neg
泥濘,neg
泥濘的,neg
沾污,neg
沾染,neg
法西斯主義者,neg
法西斯黨員,neg
油膩,neg
油膩的,neg
沮喪,neg
沮喪的,neg
氾濫,neg
爭吵,neg
爭吵的原因,neg
爭鬥,neg
爭鬥者,neg
爭執,neg
爭論,neg
爭論的,neg
爭辯,neg
玩世不恭,neg
玩弄,neg
玩忽,neg
玩忽行為,neg
玩笑,neg
疝氣,neg
疙瘩,neg
盲目,neg
盲目的,neg
盲信,neg
盲信的,neg
直撞,neg
空洞,neg
空洞的,neg
空虛,neg
空虛的,neg
空想,neg
空想的,neg
空想家,neg
空腹,neg
空腹的,neg
空話,neg
空轉,neg
空襲,neg
糾紛,neg
糾纏,neg
糾纏不休,neg
肥肉,neg
肥的,neg
表示忿恨,neg
表示忿恨的,neg
表示輕蔑,neg
表示鄙視,neg
表示謝絕,neg
表示謝絕的短柬,neg
表面性的事物,neg
表面粗糙,neg
表面粗糙的,neg
軋軋,neg
軋軋地作響,neg
近視,neg
近視的,neg
長肥,neg
長期不和,neg
長期折磨,neg
長期爭鬥,neg
門外漢,neg
阿諛,neg
阻止,neg
阻塞,neg
阻隔,neg
阻滯,neg
阻礙,neg
阻礙..的發育,neg
阻礙物,neg
阻攔,neg
雨打,neg
非正式,neg
非正式的,neg
非自願,neg
非自願的,neg
非法,neg
非法的,neg
非真正,neg
非真正的,neg
非婚生子,neg
非婚生子女,neg
非常飢餓,neg
非常飢餓的,neg
非難,neg
非難的理由,neg
侵入,neg
侵入者,neg
侵犯,neg
侵犯人身,neg
侵犯的,neg
侵佔,neg
侵吞,neg
侵害,neg
侵略,neg
侵略的,neg
侵略者,neg
侵略國,neg
侵奪,neg
侵蝕,neg
侵擾,neg
侵襲,neg
俘虜,neg
俗麗,neg
俗麗的,neg
侮辱,neg
侮辱的,neg
侮慢,neg
侮慢的,neg
侷促,neg
冒..的危險,neg
冒充,neg
冒充的,neg
冒充者,neg
冒失,neg
冒失女孩,neg
冒失的,neg
冒犯,neg
冒昧,neg
冒昧的,neg
冒牌,neg
冒牌貨,neg
冒險,neg
冒險的,neg
冒險假設,neg
削弱,neg
削掉,neg
削減,neg
前後矛盾,neg
前後顛倒,neg
前後顛倒的,neg
剋星,neg
勉強,neg
勉強的,neg
厚著臉皮做,neg
厚臉皮,neg
厚臉皮的,neg
厚顏,neg
厚顏無恥,neg
厚顏無恥的,neg
叛徒,neg
叛逆,neg
叛逆的,neg
叛國,neg
叛國者,neg
叛亂,neg
咬字不清晰,neg
咬住,neg
咬傷,neg
哀求,neg
哀惜,neg
哀悼,neg
哀悼者,neg
哀痛,neg
哀訴,neg
哀傷,neg
哀傷的,neg
哀號,neg
哀歎,neg
哎呀,neg
品行不端,neg
品性不端,neg
品性不端的,neg
哄誘,neg
哄騙,neg
哄騙做,neg
哈欠,neg
咯咯,neg
咯咯聲,neg
垂下,neg
垂涎,neg
垂頭,neg
垂頭喪氣,neg
垂頭喪氣的,neg
垮掉,neg
垮台,neg
姦情,neg
威脅,neg
威嚇,neg
威壓,neg
威懾,neg
威懾力量,neg
威懾的,neg
孩子氣,neg
孩子氣的,neg
宣佈中止,neg
宣佈脫離關係,neg
宣判,neg
宣告有罪,neg
宣告放棄,neg
宣告非法,neg
宣告無效,neg
封鎖,neg
幽暗,neg
很深的裂縫,neg
後座力,neg
後悔,neg
後退,neg
怒斥,neg
怒目,neg
怒目注視,neg
怒容,neg
怒容的,neg
怒氣,neg
怒氣沖沖,neg
怒氣沖沖的,neg
怒視,neg
怒潮,neg
怒髮衝冠,neg
怠工,neg
怠惰,neg
怠惰地,neg
怠惰的,neg
怠慢,neg
急切,neg
急切地要求得到,neg
急切的,neg
急忙,neg
急忙地講,neg
急扯,neg
急走,neg
急拉,neg
急促,neg
急促地說,neg
急急忙忙,neg
急流,neg
急煞車聲,neg
急語,neg
急躁,neg
急躁的,neg
怨言,neg
怨恨,neg
怨恨引起,neg
怨恨引起的,neg
怨恨的,neg
恍惚,neg
恫嚇,neg
挖空,neg
挖苦,neg
挖苦的,neg
挖掘,neg
挖掘地基,neg
拚命,neg
持異議,neg
持續的叫喊,neg
指控,neg
指責,neg
指摘,neg
拷問,neg
拷問的,neg
挑剔,neg
挑剔的,neg
挑逗,neg
挑撥,neg
挑戰,neg
挑釁,neg
挑釁的,neg
故意,neg
故意刁難,neg
故意少給,neg
故意的,neg
故態復萌,neg
故障,neg
施以,neg
施暴,neg
枯萎,neg
枯槁,neg
枯竭,neg
查抄,neg
查禁,neg
歪曲,neg
歪的,neg
毒品,neg
毒品交易中收錢而不給貨,neg
毒害,neg
毒氣,neg
毒氣影響,neg
毒殺,neg
毒液,neg
毒蛇,neg
毒蛇一樣,neg
毒蛇一樣的傢伙,neg
毒腺,neg
毒藥,neg
洪水,neg
洪流,neg
流亡,neg
流亡者,neg
流出,neg
流血,neg
流行病,neg
流言,neg
流言蜚語,neg
流放,neg
流氓,neg
流空,neg
流浪,neg
流浪人,neg
流浪乞丐,neg
流浪的,neg
流浪者,neg
流浪漢,neg
流淚,neg
流逝,neg
流離,neg
派系,neg
洩密,neg
洩漏,neg
洩露,neg
炫耀,neg
為..哀痛,neg
為..鬥爭,neg
為..報復,neg
為..感到遺憾,neg
為難,neg
炸毀,neg
炸藥,neg
炮擊,neg
炮轟,neg
牲畜,neg
牲畜欄,neg
狩獵,neg
狠狠,neg
狠狠抨擊,neg
狡詐,neg
狡詐的,neg
狡猾,neg
狡猾的,neg
玷污,neg
畏怯,neg
畏縮,neg
畏縮的,neg
畏懼,neg
疤痕,neg
相反,neg
相反地,neg
相反的,neg
相差,neg
相差的,neg
相異,neg
相異的,neg
相撞,neg
看不見,neg
看不見的,neg
研碎,neg
砍倒,neg
砍得,neg
砍得很深,neg
砍得很深的傷口,neg
砍痕,neg
砍傷,neg
砍頭,neg
砍擊,neg
科以,neg
突如其來,neg
突如其來的,neg
突然,neg
突然不見,neg
突然止步不前,neg
突然地,neg
突然的,neg
突發,neg
突襲,neg
約束,neg
約束物,neg
胖的,neg
背井,neg
背信,neg
背信棄義,neg
背信棄義的,neg
背信棄義的人,neg
背叛,neg
背叛的,neg
背叛者,neg
背離,neg
胡言,neg
胡言亂語,neg
胡思,neg
胡思亂想,neg
胡思亂想的,neg
胡亂,neg
胡亂地塗,neg
胡亂對付,neg
胡話,neg
胡說,neg
胡鬧,neg
致死,neg
致死的,neg
致污物,neg
致使,neg
致命,neg
致命之物,neg
致命的,neg
苛求,neg
苛刻,neg
苛刻的,neg
苦工,neg
苦役,neg
苦事,neg
苦味,neg
苦的,neg
苦的東西,neg
苦悶,neg
苦惱,neg
苦痛,neg
苦幹,neg
苦境,neg
苦難,neg
虐待,neg
要吐,neg
要吐的,neg
要死,neg
要求,neg
計謀,neg
負的,neg
負荷,neg
負數,neg
負擔,neg
迫切,neg
迫切的,neg
迫切需要,neg
迫使,neg
迫害,neg
重打,neg
重負,neg
重新陷入,neg
重擔,neg
重壓,neg
重擊,neg
重擊聲,neg
限止,neg
限制,neg
限制因素,neg
限定,neg
限度,neg
陌生,neg
陌生的,neg
降低,neg
降低..,neg
降低..的地位,neg
降低..的品格,neg
降級,neg
降禍,neg
風吹,neg
風波,neg
風暴,neg
風騷,neg
飛濺,neg
飛濺出,neg
食人,neg
食人者,neg
亳不,neg
亳不留情,neg
亳不留情的,neg
倒下,neg
倒不如,neg
倒坍,neg
倒垃圾,neg
倒彩,neg
倒閉,neg
倒塌,neg
倒楣,neg
倒楣的,neg
倔強,neg
倔強地,neg
倔強的,neg
凍傷,neg
凌辱,neg
凌亂,neg
凋萎,neg
凋謝,neg
凋謝的,neg
剔除,neg
剛愎,neg
剛愎的,neg
剝落,neg
剝奪,neg
原子塵,neg
原子塵的降下,neg
唐突,neg
唐突的,neg
哭泣,neg
哭得使..,neg
哭著使..,neg
哭訴,neg
埋伏,neg
埋地雷,neg
埋葬,neg
奚落,neg
宰殺,neg
害人,neg
害人精,neg
害怕,neg
害怕的,neg
害羞,neg
害羞的,neg
害處,neg
害蟲,neg
害臊,neg
家務雜事,neg
容忍,neg
容易受驚,neg
容易受驚的,neg
射擊,neg
差別,neg
差的,neg
差強,neg
差強人意,neg
差強人意的,neg
差異,neg
弱小,neg
弱小的,neg
弱點,neg
徒勞,neg
徒然,neg
徒然的,neg
恣意,neg
恣意的,neg
恥辱,neg
恐怖,neg
恐怖手段,neg
恐怖主義,neg
恐怖行動,neg
恐怖時期,neg
恐怖病,neg
恐怖症,neg
恐怖統治,neg
恐怕,neg
恐慌,neg
恐嚇,neg
恐懼,neg
悄悄,neg
悄悄踱步,neg
悚然,neg
悍婦,neg
悔恨,neg
拳打,neg
拳頭,neg
捕捉,neg
捕捉之物,neg
捕捉器,neg
捆住,neg
捏造,neg
挫折,neg
挫敗,neg
挫傷,neg
挨餓,neg
料想不到,neg
料想不到的,neg
根絕,neg
格外,neg
格外的,neg
格鬥,neg
慇勤,neg
氣急,neg
氣急敗壞,neg
氣急敗壞地說,neg
氣惱,neg
氣憤,neg
氣憤地說粗話,neg
氣餒,neg
氣餒的,neg
浪子,neg
浪費,neg
浪費的,neg
浪蕩,neg
浪蕩的,neg
消失,neg
消沈,neg
消耗,neg
消耗性,neg
消耗性的,neg
消耗熱,neg
消耗熱的,neg
消散,neg
消極,neg
消極的,neg
消滅,neg
消瘦,neg
浸水而沈沒,neg
浸沒,neg
海洛因,neg
海難,neg
浮動,neg
浮渣,neg
浮躁,neg
浮躁的,neg
烤焦,neg
烙印,neg
烈酒,neg
特權,neg
狼吞虎嚥,neg
狼狽,neg
狼藉,neg
狹小,neg
狹路,neg
畜生,neg
留下傷痕,neg
疾走,neg
疾風,neg
疾病,neg
疾駛,neg
病人,neg
病人的,neg
病狂,neg
病的,neg
病弱,neg
病弱的,neg
病弱的人,neg
病根,neg
病菌,neg
疲乏,neg
疲倦,neg
疲倦的,neg
疲勞,neg
疲憊,neg
疼痛,neg
疼痛的,neg
疹子,neg
眩目,neg
眩目地照射,neg
真假可疑,neg
真假可疑的,neg
砰地,neg
砰地放下,neg
砰地落下,neg
砰然,neg
砰然作聲,neg
砰然作聲地,neg
砰然聲,neg
砰擊,neg
砰擊聲,neg
砰聲,neg
破布條,neg
破衣服,neg
破門,neg
破門盜竊,neg
破洞,neg
破掉,neg
破敗,neg
破敗的,neg
破產,neg
破產了,neg
破產了的,neg
破產者,neg
破裂,neg
破裂處,neg
破碎,neg
破落,neg
破落的,neg
破舊,neg
破舊的,neg
破壞,neg
破壞..的基礎,neg
破壞名譽,neg
破壞性,neg
破壞性的,neg
破壞的,neg
破壞活動,neg
破爛,neg
破爛的,neg
炮擊,neg
神經,neg
神經的,neg
神經病,neg
神經病的,neg
神經病患者,neg
神經過敏,neg
神經過敏的,neg
神經緊張,neg
神經緊張的,neg
神經質,neg
神經質的,neg
神經錯亂,neg
秘密,neg
秘密的,neg
秘教,neg
秘教的,neg
笑柄,neg
粉碎,neg
紋裂,neg
紊亂,neg
索費,neg
索價,neg
缺少,neg
缺少的東西,neg
缺乏,neg
缺乏自信,neg
缺乏的,neg
缺乏感情,neg
缺乏感情或興趣,neg
缺乏感情的,neg
缺乏興趣,neg
缺乏興趣的,neg
缺席,neg
缺席的,neg
缺席者,neg
缺陷,neg
缺德,neg
缺德的,neg
缺點,neg
耗費,neg
耗費的,neg
耗盡,neg
耗盡的,neg
耽擱,neg
脂肪,neg
脅迫,neg
脆的,neg
脆弱,neg
脆弱的,neg
臭味,neg
臭氣,neg
臭蟲,neg
茫然,neg
茫然的,neg
荒地,neg
荒年,neg
荒年的,neg
荒唐,neg
荒唐的,neg
荒涼,neg
荒涼的,neg
荒野,neg
荒野的,neg
荒廢,neg
荒廢的,neg
荒誕,neg
荒蕪,neg
荒蕪的,neg
荒謬,neg
荒謬的,neg
荒謬的言行,neg
草率,neg
草率的,neg
草率從事,neg
草率從事的,neg
衰老,neg
衰老的,neg
衰弱,neg
衰弱的,neg
衰退,neg
衰敗,neg
衰微,neg
衰落,neg
衰落的,neg
衰竭,neg
討好,neg
討厭,neg
討厭的,neg
討厭的人,neg
討厭的人或東西,neg
討厭的事,neg
訓斥,neg
起糾紛,neg
起阻礙作用,neg
起風暴,neg
起訴,neg
起訴人,neg
起訴狀,neg
起皺,neg
起雞皮疙瘩,neg
辱罵,neg
送葬,neg
送葬者,neg
逆向,neg
逆向的,neg
逆行,neg
逆著,neg
逆境,neg
迷住,neg
迷信,neg
迷信引起,neg
迷信引起的,neg
迷信的,neg
迷途,neg
迷途地,neg
迷惑,neg
迷惑的,neg
迷亂,neg
迷路,neg
迷路的,neg
迷路者,neg
迷戀,neg
迷戀者,neg
退出,neg
退回,neg
退役,neg
退步,neg
退卻,neg
退場,neg
退落,neg
退學,neg
退縮,neg
退避,neg
逃亡,neg
逃亡的,neg
逃亡者,neg
逃犯,neg
逃走,neg
逃走的,neg
逃走的人,neg
逃掉,neg
逃跑,neg
逃避,neg
逃避義務,neg
逃避職責,neg
追捕,neg
追逐,neg
追訴,neg
追訴時效,neg
追趕,neg
追擊,neg
追蹤,neg
酒鬼,neg
酒醉,neg
酒醉的,neg
針刺,neg
陣痛,neg
陡然,neg
陡然下降,neg
陡然下降的,neg
飢餓,neg
骨折,neg
高度興奮,neg
高速疾駛,neg
高傲,neg
高傲態度,neg
高價,neg
高價地,neg
高壓,neg
高壓政治,neg
鬥爭,neg
鬥拳,neg
鬼鬼祟祟,neg
鬼鬼祟祟的人,neg
鬼鬼祟祟做事,neg
乾旱,neg
乾咳,neg
乾枯,neg
乾燥,neg
乾燥的,neg
偽君子,neg
偽造,neg
偽造物,neg
偽造的,neg
偽造品,neg
偽善,neg
偽善者,neg
偽裝,neg
停止,neg
停業,neg
停業清理,neg
停頓,neg
停滯,neg
停滯的,neg
假扮,neg
假的,neg
假冒,neg
假冒的,neg
假冒品,neg
假毒品,neg
假面目,neg
假托,neg
假貨,neg
假裝,neg
假裝的,neg
做作,neg
做假,neg
做錯,neg
做霸佔行為,neg
健忘,neg
偷東西,neg
偷偷,neg
偷偷地吃,neg
偷偷地行動,neg
偷偷地做,neg
偷偷取得,neg
偷偷摸摸,neg
偷偷摸摸地行走,neg
偷偷摸摸的,neg
偷偷摸摸的人,neg
偷偷摸摸的勾當,neg
偷運,neg
偷摸,neg
偷摸行走,neg
偷摸行走的人,neg
偷懶,neg
偷懶的,neg
偷竊,neg
偏心,neg
偏心的,neg
偏見,neg
偏執狂,neg
偏執狂患者,neg
偏袒,neg
勒死,neg
勒索,neg
勒索所得之款,neg
勒除,neg
勒除器,neg
勒贖,neg
勘漏,neg
動武,neg
動亂,neg
動搖,neg
動盪,neg
動盪的局面,neg
啪地一聲放下,neg
啪地落下,neg
啪的一聲甩,neg
啪嗒,neg
啪嗒一聲關上,neg
啞的,neg
問題,neg
啜泣,neg
啜泣著說,neg
圈套,neg
堅決主張,neg
堅持己見,neg
堅持己見的,neg
堅硬,neg
堅硬的,neg
基礎薄弱,neg
堵塞,neg
執拗,neg
執拗的,neg
奢侈,neg
奢侈的,neg
奢華,neg
奢華的,neg
婉拒,neg
娼妓,neg
寄生蟲,neg
寄食,neg
寂寞,neg
寂寞的,neg
宿命,neg
宿命論,neg
宿命論的,neg
密告,neg
密謀,neg
密藏,neg
密藏的金錢,neg
專制,neg
專制的,neg
專橫,neg
專橫的,neg
將..弄糟,neg
將..逐出社會,neg
將交保釋放,neg
將浮渣去除掉,neg
屠宰,neg
屠宰者,neg
屠殺,neg
屠場,neg
崎嶇,neg
崎嶇不平,neg
崩潰,neg
帶來痛苦,neg
庸俗,neg
庸俗的,neg
張揚,neg
強加,neg
強打,neg
強光,neg
強使,neg
強制,neg
強制的,neg
強姦,neg
強要,neg
強迫,neg
強迫..入伍,neg
強迫..服務,neg
強迫的,neg
強迫徵兵,neg
強烈,neg
強烈抗議,neg
強烈的慾望,neg
強盜,neg
強盜行為,neg
強盜罪,neg
強奪,neg
強壓,neg
強壓的,neg
強擊,neg
強擠,neg
強擠入,neg
得不到,neg
得不到休息,neg
得不到休息的,neg
得罪,neg
得罪人,neg
得罪人的人,neg
從..清除,neg
從..開小差,neg
從事小爭論,neg
從事偽造活動,neg
徘徊,neg
患..病,neg
患..病的,neg
患者,neg
患病,neg
患病的,neg
患精神病,neg
患精神病的,neg
惋惜,neg
情況不好,neg
情況不好的,neg
情急,neg
情急拚命,neg
情急拚命的,neg
情結,neg
情節劇似,neg
情節劇似的,neg
掠奪,neg
掠奪行為,neg
控告,neg
控訴,neg
捲入,neg
掩埋,neg
掩飾,neg
掩蔽,neg
掉下,neg
掉隊,neg
掉隊的飛機,neg
推卻,neg
推托,neg
推諉,neg
推擠,neg
推翻,neg
掙扎,neg
排斥,neg
排除,neg
救命,neg
敗北,neg
敗俗,neg
敗退,neg
敗德,neg
敗德的,neg
敗壞,neg
敗壞的,neg
敗壞道德之事,neg
敏感,neg
敏感的,neg
斬首,neg
梗塞,neg
棄義,neg
慾望,neg
欲墜,neg
殺人,neg
殺人的,neg
殺人者,neg
殺人罪,neg
殺死,neg
殺害,neg
殺戮,neg
毫無,neg
毫無辦法,neg
毫無辦法的,neg
淡而無味,neg
淡而無味的,neg
淡漠,neg
淺的,neg
淺薄,neg
淺薄的,neg
清理債務,neg
清算,neg
清算清算,neg
淹沒,neg
混沌,neg
混淆,neg
混蛋,neg
混亂,neg
混亂的,neg
混戰,neg
混戰場,neg
混濁,neg
混濁狀態,neg
混雜,neg
混雜的,neg
淒涼,neg
淒涼的,neg
淒慘,neg
淒慘的,neg
淚珠,neg
淫穢,neg
淫穢的,neg
淪為,neg
淪為乞丐,neg
深淵,neg
牽制,neg
牽連,neg
猜想,neg
猜疑,neg
猛扔,neg
猛吃,neg
猛地,neg
猛地落下,neg
猛地關上,neg
猛攻,neg
猛拉,neg
猛拋,neg
猛砍,neg
猛烈,neg
猛烈抨擊,neg
猛烈的,neg
猛烈的力量,neg
猛烈的抨擊,neg
猛推,neg
猛然,neg
猛然一動,neg
猛然地,neg
猛然地一拉,neg
猛奪,neg
猛撞,neg
猛衝,neg
猛踢,neg
猛擊,neg
猛闖,neg
猖獗,neg
猖獗的,neg
球觸網重發,neg
現世,neg
現世的,neg
現出愁容,neg
現實,neg
現實的,neg
產生反作用,neg
產生紋裂,neg
異乎,neg
異乎尋常,neg
異乎尋常的,neg
異常,neg
異常的,neg
異常的人或物,neg
異常興奮,neg
異常興奮的,neg
異議,neg
疏忽,neg
疏忽的,neg
疏遠,neg
疏遠的,neg
盛怒,neg
眼花,neg
眼花的,neg
眼花繚亂,neg
眼花繚亂的,neg
眼淚,neg
硫化,neg
窒息,neg
窒息而死,neg
窒息狀態,neg
窒息的,neg
窒息噎,neg
笨手,neg
笨手笨腳,neg
笨手笨腳地做,neg
笨拙,neg
笨拙地說出,neg
笨拙的,neg
笨拙的處理,neg
笨的,neg
笨蛋,neg
笨腳,neg
粗心,neg
粗心大意,neg
粗心的,neg
粗劣,neg
粗劣的,neg
粗俗,neg
粗俗的,neg
粗陋,neg
粗陋的,neg
粗野,neg
粗野的,neg
粗話,neg
粗製,neg
粗暴,neg
粗暴地,neg
粗暴的,neg
粗魯,neg
粗魯地對待,neg
粗魯的,neg
粗魯的人,neg
粗魯無禮,neg
粗魯無禮的,neg
粗魯無禮的人,neg
粗糙,neg
粗糙地,neg
粗糙的,neg
絆倒,neg
細菌,neg
累贅,neg
累贅的,neg
終止,neg
羞怯,neg
羞恥,neg
羞恥的,neg
羞辱,neg
羞惱,neg
羞愧,neg
脫口,neg
脫口說出,neg
脫軌,neg
脫落,neg
脫離,neg
脫離常規,neg
脫離常規的人,neg
脫離聯邦,neg
船失事,neg
處..以罰金,neg
處刑,neg
處於不利,neg
處於不利地位,neg
處於支配地位,neg
處置,neg
處境艱難,neg
處罰,neg
蛀牙,neg
蛀蝕,neg
蛀壞,neg
被分解,neg
被打碎,neg
被污染,neg
被告,neg
被吼叫著表達出來,neg
被弄死,neg
被弄髒,neg
被扼死,neg
被扼殺,neg
被扯破,neg
被抑制,neg
被抑制狀態,neg
被刺痛,neg
被放逐者,neg
被沾污,neg
被玩弄,neg
被玩弄的人,neg
被侵蝕,neg
被俘,neg
被俘的,neg
被害,neg
被害者,neg
被浮渣覆蓋,neg
被迷住,neg
被迷住的,neg
被勒死,neg
被控,neg
被控犯罪,neg
被控犯罪的人,neg
被掩飾,neg
被逐出,neg
被逐出的,neg
被悶死,neg
被絞死,neg
被詛咒,neg
被詛咒的,neg
被損壞,neg
被腐蝕,neg
被撕破,neg
被撕裂,neg
被潑水弄濕,neg
被潑水弄濕的,neg
被碾碎,neg
被瞞,neg
被遺棄,neg
被遺棄的,neg
被壓壞,neg
被擊中,neg
被擊中的,neg
被擦模糊,neg
被議論,neg
被議論的,neg
被驅逐,neg
被驅逐的人,neg
設伏,neg
設伏地點,neg
設圈套,neg
設陷阱,neg
設陷阱捕捉,neg
責怪,neg
責備,neg
責備話,neg
責罵,neg
責罵不休,neg
責難,neg
貪吃,neg
貪污,neg
貪污的,neg
貪求,neg
貪財,neg
貪婪,neg
貪婪地吃,neg
貪婪地注視,neg
貪婪的,neg
貪得,neg
貪得無厭,neg
貪得無厭的,neg
貪慾,neg
貪圖,neg
貧乏,neg
貧乏的,neg
貧困,neg
貧困的,neg
貧瘠,neg
貧瘠的,neg
貧窮,neg
貧窮的,neg
軟弱,neg
軟弱的,neg
通告廢除,neg
通俗,neg
通俗的,neg
通姦,neg
通姦行為,neg
通貨膨脹,neg
通牒,neg
通敵,neg
連累,neg
逐出,neg
逐出教會,neg
逐漸消耗,neg
逞威,neg
逞威風,neg
逞威風的,neg
造反,neg
造反的,neg
造成破壞,neg
造成破壞的,neg
造成損失,neg
造成損害,neg
造成損害的,neg
造成錯覺,neg
造謠,neg
造謠中傷,neg
造謠中傷的,neg
透不過氣來,neg
透露,neg
野性,neg
野性的,neg
野草,neg
野獸,neg
野蠻,neg
野蠻人,neg
野蠻的,neg
陳腐,neg
陳腐的,neg
陳舊,neg
陳舊的,neg
陰冷,neg
陰冷的,neg
陰沈,neg
陰沈沈,neg
陰沈沈的樣子,neg
陰沈的,neg
陰雨,neg
陰森,neg
陰森地逼近,neg
陰間,neg
陰暗,neg
陰暗的,neg
陰慘,neg
陰慘的,neg
陰影,neg
陰謀,neg
陰謀者,neg
陰險,neg
陰險人,neg
陰險的,neg
陰鬱,neg
陰鬱的,neg
陷入,neg
陷入僵局,neg
陷危,neg
陷住,neg
陷阱,neg
陷於,neg
陷於困境,neg
陷落,neg
麻木,neg
麻木的,neg
麻煩,neg
麻煩事,neg
麻煩的,neg
麻醉,neg
麻醉藥物,neg
麻痺,neg
傢伙,neg
最小限度,neg
最低,neg
最低水平,neg
最沒有,neg
最後的審判日,neg
最後通牒,neg
割下,neg
割破,neg
割裂,neg
割傷,neg
割斷,neg
創傷,neg
創傷的,neg
勞役,neg
勞累,neg
喀嚓,neg
喀嚓喀嚓行進,neg
喧嘩,neg
喧嘩吵鬧,neg
喧鬧,neg
喧鬧的,neg
喧鬧的談笑,neg
喧鬧聲,neg
喧嚷,neg
喧嚷的,neg
喧囂,neg
喧囂的,neg
喧囂聲,neg
喊叫,neg
喊叫聲,neg
喜怒無常,neg
喜怒無常的,neg
喜誇耀,neg
喜誇耀的,neg
喜歡吵架,neg
喜歡吵架的,neg
喪友,neg
喪心,neg
喪心病狂,neg
喪心病狂的,neg
喪失,neg
喪失公權者,neg
喪失的,neg
喪失親人,neg
喪失親人的,neg
喪氣,neg
喪親,neg
喋喋,neg
喋喋不休,neg
喋喋不休地講話,neg
喃喃,neg
喃喃地說出,neg
喃喃自語,neg
喃喃低語,neg
單調,neg
單調的,neg
唾沫,neg
唾沫飛濺,neg
圍住,neg
圍困,neg
圍攻,neg
圍城,neg
報仇,neg
報怨,neg
報怨聲,neg
報復,neg
寒冷,neg
寒冷刺骨,neg
寒冷刺骨的,neg
寒冷的,neg
寒顫,neg
復仇,neg
復發,neg
惡人,neg
惡化,neg
惡兆,neg
惡兆的,neg
惡劣,neg
惡劣地,neg
惡劣的,neg
惡名,neg
惡名昭張,neg
惡名昭張的,neg
惡名昭著,neg
惡名昭著的,neg
惡行,neg
惡作劇,neg
惡作劇的,neg
惡事,neg
惡性,neg
惡性的,neg
惡性腫瘤,neg
惡毒,neg
惡毒的,neg
惡根,neg
惡臭,neg
惡臭的,neg
惡習,neg
惡棍,neg
惡意,neg
惡意的,neg
惡運,neg
惡夢,neg
惡魔,neg
惡魔的,neg
惡魔般,neg
惡魔般的,neg
悲哀,neg
悲哀地說,neg
悲哀的,neg
悲悼,neg
悲痛,neg
悲傷,neg
悲傷的,neg
悲傷者,neg
悲慘,neg
悲慘的,neg
悲劇,neg
悲劇的,neg
悲歎,neg
悲觀,neg
悲觀主義,neg
悲觀主義的,neg
悲觀的,neg
悶死,neg
悶住,neg
悶悶,neg
悶悶不樂,neg
悶悶不樂的,neg
悶熱,neg
悶熱的,neg
惴惴,neg
惴惴不安,neg
惴惴不安的,neg
惱人,neg
惱人事,neg
惱人的,neg
惱火,neg
惱怒,neg
掌摑,neg
掌擊,neg
插嘴,neg
提心吊膽,neg
提心吊膽的,neg
提出..來反對,neg
提出論據反對,neg
提防,neg
揭穿,neg
揭露,neg
揮猛烈沖打,neg
揮霍,neg
揮霍的,neg
揮霍無度,neg
揮霍無度的,neg
揮擊,neg
敦促,neg
敢冒,neg
散落,neg
斑塊,neg
斑駁,neg
斑駁的,neg
斑點,neg
替..報仇,neg
朝..反衝,neg
棘手,neg
棘手的,neg
棍打,neg
欺侮,neg
欺負,neg
欺詐,neg
欺詐的,neg
欺詐者,neg
欺瞞,neg
欺騙,neg
殘忍,neg
殘忍或好色之人,neg
殘忍的,neg
殘害,neg
殘疾,neg
殘疾的,neg
殘疾者,neg
殘殺,neg
殘酷,neg
殘酷的,neg
殘酷的行為,neg
殘廢,neg
殘廢的人,neg
殘暴,neg
殘暴的,neg
殘暴的行為,neg
殘骸,neg
殖民,neg
殖民地,neg
渣滓,neg
減小,neg
減少,neg
減少之量,neg
減去,neg
減低,neg
減弱,neg
減損,neg
減縮,neg
渺茫,neg
渾名,neg
焦急,neg
焦痕,neg
焦慮,neg
焦慮的事,neg
焦燥,neg
焦躁,neg
焦躁的,neg
無人情味,neg
無人情味的,neg
無人理睬,neg
無人理睬的,neg
無人遵守,neg
無人遵守的,neg
無力,neg
無力的,neg
無子,neg
無子可動,neg
無子的,neg
無可,neg
無可奈何狀態,neg
無可爭辯,neg
無可爭辯的,neg
無可置疑,neg
無可置疑的,neg
無生命,neg
無生命的,neg
無用,neg
無用的,neg
無用的老馬,neg
無目的,neg
無目的的,neg
無休止,neg
無名,neg
無名小卒,neg
無利益,neg
無利益的,neg
無助,neg
無助的,neg
無助的狀態,neg
無希望,neg
無希望的,neg
無形,neg
無形的,neg
無形的東西,neg
無志氣,neg
無志氣的人,neg
無把握,neg
無把握的事,neg
無決斷力,neg
無決斷力的,neg
無事自擾,neg
無依,neg
無依無靠,neg
無依無靠的,neg
無味,neg
無底洞,neg
無法,neg
無法忍受,neg
無法忍受的,neg
無法投遞的郵件,neg
無法計數,neg
無法計數的,neg
無法解決,neg
無法解決的,neg
無法預料,neg
無法預料的,neg
無爭論之餘地,neg
無爭論之餘地的,neg
無知,neg
無知的,neg
無知識,neg
無知識的,neg
無知覺,neg
無知覺的,neg
無信用,neg
無勇氣,neg
無勇氣的,neg
無威嚴,neg
無威嚴的,neg
無度,neg
無政府主義者,neg
無政府狀態,neg
無重要性,neg
無重要性的,neg
無家,neg
無家可歸,neg
無家可歸的,neg
無恥,neg
無恥的,neg
無效,neg
無效果,neg
無效果的,neg
無效的,neg
無效能,neg
無效能的,neg
無效率,neg
無益,neg
無益的,neg
無秩序,neg
無秩序的,neg
無能,neg
無能力,neg
無能力的,neg
無能力者,neg
無能為力,neg
無能為力的,neg
無動於衷,neg
無動於衷的,neg
無常,neg
無常的,neg
無情,neg
無情的,neg
無救,neg
無救的,neg
無深慮,neg
無深慮的,neg
無理由,neg
無理由的,neg
無理性,neg
無理性的,neg
無聊,neg
無聊的,neg
無聊的想法,neg
無智,neg
無智的,neg
無策,neg
無意義,neg
無意義的,neg
無意義的事,neg
無意識,neg
無意識的,neg
無慈悲心,neg
無慈悲心的,neg
無感情,neg
無感情的,neg
無感覺,neg
無感覺的,neg
無愛情的,neg
無準備,neg
無準備的,neg
無資格,neg
無資格的,neg
無道德,neg
無道德的,neg
無厭,neg
無精打采,neg
無精打采的,neg
無遠見,neg
無遠見的,neg
無價值,neg
無價值的,neg
無憐憫心,neg
無憐憫心的,neg
無趣,neg
無趣味,neg
無趣味的,neg
無趣的,neg
無遮蔽,neg
無遮蔽的,neg
無靠,neg
無魅力,neg
無魅力的,neg
無興趣,neg
無賴,neg
無幫助,neg
無幫助的,neg
無聲音,neg
無聲音的,neg
無禮,neg
無禮的,neg
無禮的人,neg
無禮貌,neg
無禮貌的,neg
無關,neg
無關重要,neg
無關重要的,neg
無權,neg
無權的,neg
無變化,neg
無變化的,neg
猶豫,neg
猶豫的,neg
猥褻,neg
猥褻的,neg
痛心,neg
痛心的,neg
痛打,neg
痛恨,neg
痛苦,neg
痛苦的,neg
痛苦的根源,neg
痛苦的經驗,neg
痛處,neg
痙攣,neg
發出尖銳,neg
發出尖銳的聲音,neg
發出刺耳,neg
發出刺耳的聲音,neg
發出刺耳聲,neg
發出呻吟聲,neg
發出咯咯聲,neg
發出咯咯聲的東西,neg
發出砰然聲,neg
發出砰聲,neg
發出嘈雜,neg
發出嘈雜的聲音,neg
發出嘈雜聲,neg
發出撞擊聲,neg
發出顫聲,neg
發生矛盾,neg
發作,neg
發抖,neg
發牢騷,neg
發狂,neg
發狂的,neg
發育停止,neg
發育遲緩,neg
發昏,neg
發炎,neg
發疝氣,neg
發怒,neg
發紅,neg
發展遲緩,neg
發展遲緩的,neg
發臭,neg
發臭味,neg
發臭的,neg
發動,neg
發動突然襲擊,neg
發愣,neg
發愣的,neg
發脾氣,neg
發嗚咽聲,neg
發愁,neg
發愁的人,neg
發瘋,neg
發瘋似,neg
發瘋似的,neg
發誓,neg
發誓要,neg
發劈啪聲,neg
發熱,neg
發燒,neg
發爆震聲,neg
盜賊,neg
盜竊,neg
短少,neg
短促,neg
短促頻繁,neg
短促頻繁地乾咳,neg
短處,neg
短路,neg
短暫,neg
短暫的,neg
硬背,neg
硬逼,neg
硬擠,neg
硬擠過去,neg
稀薄,neg
窘迫,neg
窘迫不安,neg
窘境,neg
窖藏,neg
筋疲,neg
筋疲力盡,neg
筋疲力盡的,neg
絞死,neg
絞痛,neg
結仇,neg
結巴,neg
結疤,neg
結結巴巴,neg
結結巴巴地說,neg
結結巴巴地說話,neg
絕望,neg
絕望的,neg
絕對,neg
絕對地,neg
絕對的,neg
絲毫,neg
給..不快之感,neg
善變,neg
善變的,neg
脹大,neg
脾氣,neg
脾氣暴躁,neg
脾氣暴躁的,neg
脾氣壞,neg
脾氣壞的,neg
著火,neg
著急,neg
著急的,neg
萎縮,neg
萎靡,neg
虛幻,neg
虛幻的,neg
虛偽,neg
虛偽的,neg
虛假,neg
虛假的,neg
虛張,neg
虛張聲勢,neg
虛脫,neg
虛無,neg
虛飾,neg
虛榮,neg
虛榮心,neg
虛榮的,neg
裂口,neg
裂痕,neg
裂開,neg
裂開的,neg
裂隙,neg
裂縫,neg
詛咒,neg
詆毀,neg
訴苦,neg
貯藏貨物,neg
費力,neg
費力地做,neg
費力的,neg
費心,neg
費用大,neg
費用大的,neg
費用浩大,neg
費用浩大的,neg
費解,neg
費解的,neg
貶低,neg
貶低..,neg
貶低..的身份,neg
貶值,neg
貶損,neg
貶損的,neg
貶黜,neg
貿然,neg
貿然輕率,neg
貿然輕率的,neg
超出,neg
超自然,neg
超自然的,neg
超越誤差,neg
超過,neg
跋涉,neg
跌價,neg
跛子,neg
跛行,neg
跛足,neg
跛足的,neg
辜負,neg
逮捕,neg
進行威脅,neg
進行恐嚇,neg
進攻,neg
進退兩難,neg
鈍的,neg
開小差,neg
開玩笑,neg
開除,neg
開槍,neg
閒混,neg
閒散,neg
閒蕩,neg
順從,neg
黑暗,neg
黑暗的,neg
亂丟,neg
亂丟垃圾,neg
亂哄哄,neg
亂哄哄地跑,neg
亂砍,neg
亂結,neg
亂想,neg
亂語,neg
亂撕,neg
債務,neg
債務人,neg
傲慢,neg
傲慢的,neg
傲慢無禮,neg
傲慢無禮的行為,neg
傳染,neg
傳染性,neg
傳染性的,neg
傳染病,neg
傾卸,neg
傾軋,neg
傾倒,neg
傾側,neg
傾斜,neg
傾斜的,neg
傾銷,neg
傾銷商品,neg
傾覆,neg
催吐,neg
催吐劑,neg
催促,neg
傷..的感情,neg
傷人,neg
傷人感情,neg
傷人感情的,neg
傷亡,neg
傷口,neg
傷元氣,neg
傷心,neg
傷心事,neg
傷心的,neg
傷風,neg
傷風敗俗,neg
傷風敗俗的,neg
傷害,neg
傷害..的感情,neg
傷害的,neg
傷痕,neg
傷殘,neg
傷殘退役軍人,neg
傷感情,neg
傷感情的,neg
傻子,neg
傻瓜,neg
傻事,neg
傻的,neg
剷除,neg
嗜殺,neg
嗜殺成性,neg
嗜殺成性的人,neg
嗜殺的,neg
嗚咽,neg
嗚咽地說,neg
嗚咽著說,neg
塞滿,neg
塌陷,neg
塌落,neg
嫉妒,neg
嫉妒的,neg
嫉俗,neg
嫌惡,neg
嫌惡的,neg
嫌疑,neg
嫌疑犯,neg
幹傻事,neg
微不足道,neg
微不足道的,neg
微弱,neg
微弱的,neg
微暗,neg
微暗的,neg
微塵,neg
愚人,neg
愚行,neg
愚弄,neg
愚昧,neg
愚笨,neg
愚笨的,neg
愚鈍,neg
愚鈍的,neg
愚蠢,neg
愚蠢地說出,neg
愚蠢的,neg
愚蠢的人,neg
意外,neg
意外事件,neg
意外的,neg
意志消沈,neg
意見不合,neg
意見分歧,neg
意欲,neg
意義不明確,neg
意義不明確的,neg
意圖,neg
感到不適,neg
感到可憐,neg
感到可憐的,neg
感到灼痛,neg
感到抱歉,neg
感到抱歉的,neg
感到後悔,neg
感到疼痛,neg
感到痛苦,neg
感到極度痛苦,neg
感到憂慮,neg
感到遺憾,neg
感到遺憾的,neg
感到難過,neg
感到難過的,neg
感冒,neg
感染,neg
感傷,neg
感傷的,neg
想不到,neg
想不到地,neg
想不到的,neg
想搶走,neg
想嘔吐,neg
想嘔吐的,neg
愛挑剔,neg
愛挑剔的,neg
愛管閒事,neg
愛管閒事的人,neg
惹人惱怒,neg
惹人惱怒的事,neg
惹怒,neg
惹惱,neg
愁思,neg
愁容,neg
慌忙,neg
慌張,neg
慍怒,neg
慍怒的,neg
搞陰謀,neg
搞亂,neg
搞糟,neg
搏鬥,neg
搜捕,neg
搜索,neg
損失,neg
損失物,neg
損失者,neg
損失慘重,neg
損失慘重的,neg
損污,neg
損害,neg
損耗,neg
損傷,neg
損傷痕,neg
損毀,neg
損壞,neg
搶劫,neg
搶走,neg
搶奪,neg
搖晃,neg
搖晃著行駛,neg
搖動,neg
搖搖,neg
搖搖欲墜,neg
搖擺,neg
搗蛋,neg
搗蛋鬼,neg
搗碎,neg
新手,neg
暗中,neg
暗中來回尋覓,neg
暗示,neg
暗地,neg
暗地裡破壞,neg
暗指,neg
暗殺,neg
暗殺者,neg
暗淡,neg
暗淡的,neg
暗諷,neg
暈眩,neg
暈眩的,neg
會傳播,neg
會傳播的,neg
會蔓延,neg
會蔓延的,neg
極小,neg
極小的空間,neg
極不,neg
極不協調,neg
極不協調的,neg
極可厭,neg
極可厭的,neg
極可憎,neg
極可憎的,neg
極危險之物,neg
極度,neg
極度地,neg
極度渴望,neg
極度渴望的,neg
極度痛苦,neg
極度興奮,neg
極苦悶,neg
極惡,neg
極惡的,neg
極殘忍,neg
極殘忍的人,neg
極無禮,neg
極無禮的,neg
極愚蠢,neg
極愚蠢的,neg
極端,neg
極端的,neg
極壞,neg
極壞的,neg
極蠢,neg
極蠢之人,neg
歇斯底里,neg
歇斯底里的,neg
歇斯底里症,neg
毀掉,neg
毀損,neg
毀滅,neg
毀滅性,neg
毀滅性的,neg
毀壞,neg
溢出,neg
滅亡,neg
滅絕,neg
滅絕的,neg
溺死,neg
溺愛,neg
滑稽,neg
滑稽的,neg
滑稽劇,neg
準備參加戰鬥,neg
準備參加戰鬥的,neg
煙霧,neg
煙霧瀰漫,neg
煙霧瀰漫的,neg
煩人,neg
煩人的,neg
煩惱,neg
煩亂,neg
煩亂的,neg
煩燥,neg
煩燥的,neg
煩擾,neg
煩躁,neg
煞車,neg
煞風景,neg
煞風景的,neg
瑕疵,neg
畸形,neg
畸形人,neg
畸形物,neg
畸形的,neg
畸形的人,neg
睜大,neg
矮小,neg
矮小的人,neg
矮小的東西,neg
矮的,neg
碎片,neg
碎布條,neg
碎裂,neg
碰傷,neg
碰運氣,neg
碰運氣的,neg
碰撞,neg
碰擊,neg
禁止,neg
禁止使用,neg
禁止的,neg
禁止接近,neg
禁令,neg
禁忌,neg
禁忌的,neg
禁制,neg
禁慾,neg
禁閉,neg
禁錮,neg
綁架,neg
置疑,neg
置辯,neg
罪犯,neg
罪名,neg
罪行,neg
罪的,neg
罪的宣告,neg
罪惡,neg
罪過,neg
罪孽,neg
罪孽深重,neg
罪孽深重的,neg
義憤,neg
肆虐,neg
腳步沈重,neg
腳步沈重地行走,neg
腳步沈重地走,neg
腫痛,neg
腫瘤,neg
落入,neg
落下,neg
落伍,neg
落伍的士兵,neg
落空,neg
落後,neg
落後於,neg
落後的,neg
落後程度,neg
裝作,neg
裝竊聽器,neg
解雇,neg
該死,neg
該死的,neg
該咒罵,neg
該咒罵的,neg
該責備,neg
該責備的,neg
該罰,neg
該罰下地獄,neg
該罰下地獄的,neg
誇大,neg
誇大的,neg
誇示,neg
誇張,neg
誇張的手法,neg
誇張的言語,neg
誇耀,neg
誇耀的,neg
詭計,neg
詭計多端,neg
詭計多端的,neg
詭密,neg
詭密的,neg
詭辯,neg
詭辯的,neg
賄賂,neg
跟..糾纏不休,neg
跺腳,neg
躲開,neg
躲避,neg
躲避責任者,neg
躲藏,neg
躲藏者,neg
較壞,neg
較壞者,neg
遊蕩,neg
遊蕩的,neg
游擊,neg
游擊隊,neg
道德不好,neg
道德不好的,neg
道德敗壞,neg
達不到,neg
逼近,neg
逼迫,neg
違反,neg
違反行為,neg
違反的,neg
違反教規,neg
違犯,neg
違抗,neg
違抗命令,neg
違抗命令的,neg
違命,neg
違法,neg
違法的,neg
違背,neg
違背習俗,neg
遇難,neg
遇難船,neg
遏止,neg
遏制,neg
遏制的,neg
過分,neg
過分單純化,neg
過分單純化的,neg
過失,neg
過多,neg
過多的,neg
過早,neg
過度,neg
過度的,neg
過度的疲勞,neg
過時,neg
過時的,neg
過強,neg
過得去,neg
過得去的,neg
過敏,neg
過敏的,neg
過剩,neg
過剩的,neg
過量,neg
過量的,neg
過飽,neg
過激,neg
過激的,neg
過錯,neg
遁辭,neg
隔絕,neg
隔開,neg
隔離,neg
電擊,neg
預示..的凶兆,neg
頑皮,neg
頑皮的,neg
頑固,neg
頑固地,neg
頑固的,neg
頑強,neg
頑強地,neg
頑強的,neg
頑童,neg
鼓動,neg
僕人,neg
僕人的,neg
劃破,neg
厭倦,neg
厭惡,neg
厭惡的,neg
厭煩,neg
厭煩的,neg
嘔吐,neg
嘔吐物,neg
嘈雜,neg
嘈雜的談笑聲,neg
嘈雜聲,neg
圖謀,neg
塵世,neg
墓穴,neg
夢魘,neg
奪取,neg
奪取之物,neg
寧可,neg
寧願,neg
實利,neg
實利的,neg
對..不忠,neg
對..沈下臉,neg
對..施暴,neg
對..突然查抄,neg
對..索費,neg
對..起反作用,neg
對..採取破壞行動,neg
對..處以缺席裁判,neg
對..提出異議,neg
對..提出質疑,neg
對..感到後悔,neg
對..徵稅,neg
對手,neg
對付,neg
對立,neg
對立的,neg
對立者,neg
對立面,neg
對抗,neg
對抗力量,neg
對峙,neg
對健康有害,neg
對健康有害的,neg
對進行報復,neg
對頭,neg
對證,neg
弊病,neg
弊端,neg
徹底失敗,neg
徹底的失敗,neg
徹底擊潰,neg
慢吞吞,neg
慢吞吞地,neg
慢吞吞地行進,neg
慢性,neg
慢性的,neg
慢的,neg
慟哭,neg
慚愧,neg
慚愧的,neg
慘白,neg
慘白的,neg
慘事,neg
慘重,neg
慘案,neg
慘敗,neg
摔倒,neg
撤回,neg
撤退,neg
撤退信號,neg
撤銷,neg
摸弄,neg
摑..耳光,neg
摧毀,neg
摻假貨,neg
摻雜,neg
摻雜的,neg
敲打,neg
敲詐,neg
敲詐者,neg
搾出,neg
槍聲,neg
漠不,neg
漠不關心,neg
漠不關心的,neg
漠視,neg
漏出,neg
漏洞,neg
漏做,neg
漏球,neg
漏損,neg
漏損物,neg
漏損量,neg
漏電,neg
漂泊,neg
漂泊的,neg
漂泊者,neg
滿得溢出,neg
滿腹,neg
滿腹牢騷,neg
滯後,neg
滯後於,neg
滯緩,neg
漸失,neg
漸漸破壞,neg
漫不經心,neg
漫不經心的,neg
滲透,neg
滲透物,neg
滲透活動,neg
滲漏,neg
煽動,neg
煽動者,neg
瑣細,neg
瑣細的,neg
瑣碎,neg
瑣碎的,neg
疑心,neg
疑心的,neg
疑有,neg
疑問,neg
疑惑,neg
疑慮,neg
疑懼,neg
疑懼的,neg
瘋人,neg
瘋子,neg
瘋狂,neg
瘋狂地,neg
瘋狂的,neg
瘋的,neg
瘋癲,neg
瘋癲的,neg
盡力睜大,neg
監牢,neg
監禁,neg
監禁所,neg
監獄,neg
禍根,neg
種族隔離,neg
管閒事,neg
精疲力盡,neg
精疲力盡的,neg
精神上的打擊,neg
精神病患者,neg
精神錯亂,neg
緊拉,neg
緊拖,neg
緊急,neg
緊急事件,neg
緊急狀況,neg
緊急需要,neg
緊迫,neg
緊迫地,neg
緊張,neg
緊張不安,neg
緊張不安的,neg
緊張的,neg
罰金,neg
罰款,neg
聞出..的臭氣,neg
腐朽,neg
腐敗,neg
腐敗的,neg
腐蝕,neg
腐蝕性,neg
腐蝕性的,neg
腐蝕物,neg
腐蝕的,neg
腐蝕劑,neg
腐壞,neg
腐爛,neg
腐爛的,neg
與..不符,neg
與..匹敵,neg
與..打仗,neg
與..矛盾,neg
與..作戰,neg
與..扭打,neg
與..爭辯,neg
與..格鬥,neg
與..鬥爭,neg
與..鬥拳,neg
與..脫離,neg
與..戰鬥,neg
與..斷絕關係,neg
與..競爭,neg
蓄意,neg
蒙受,neg
蒙受恥辱,neg
蒙羞,neg
蒙蔽,neg
蝕壞,neg
蝕壞的,neg
裹屍布,neg
認輸,neg
誤入,neg
誤入歧途,neg
誤入歧途地,neg
誤用,neg
誤差,neg
誤期,neg
誤期的,neg
誤傳,neg
誤會,neg
誤解,neg
誤認,neg
誤導,neg
誤導的,neg
說反話,neg
說反話的,neg
說含沙射影,neg
說含沙射影的話,neg
說胡話,neg
說模稜兩可,neg
說模稜兩可的話,neg
說謊,neg
說謊者,neg
說蠢話,neg
誘..入圈套,neg
誘入,neg
誘拐,neg
誘捕,neg
誘捕野獸,neg
誘惑,neg
誘惑力,neg
誘惑物,neg
誘餌,neg
誘獲,neg
賒欠,neg
賒帳,neg
賒購,neg
趕出,neg
趕走,neg
輕佻,neg
輕佻的,neg
輕易停止,neg
輕易停止的人,neg
輕信,neg
輕信的,neg
輕率,neg
輕率的,neg
輕視,neg
輕蔑,neg
輕蔑地笑,neg
輕蔑的,neg
辣的,neg
遠去,neg
遠離,neg
遜位,neg
鄙棄,neg
鄙視,neg
酸味,neg
酸的,neg
酸的東西,neg
酸腐,neg
酸腐的,neg
銀根緊,neg
銀根緊的,neg
障礙,neg
障礙物,neg
障礙船具,neg
駁斥,neg
駁回,neg
骯髒,neg
骯髒的,neg
僵局,neg
僵直,neg
僵直的,neg
僵持,neg
僵持狀態,neg
僵痛,neg
僵痛的,neg
僵硬,neg
僵硬的,neg
價值不高,neg
價值不高的,neg
劇烈,neg
劇烈的,neg
劇痛,neg
劇跳,neg
劈啪,neg
劈啪聲,neg
劈開,neg
劈開的,neg
嘮叨,neg
嘮嘮叨叨,neg
嘮嘮叨叨地責備,neg
嘲弄,neg
嘲弄的物件,neg
嘲弄的話,neg
嘲笑,neg
嘲笑的,neg
嘲笑著說,neg
噴出,neg
噴濺,neg
噴濺出來,neg
噴濺出來的東西,neg
噴濺聲,neg
嘶啞,neg
增劇,neg
墳墓,neg
墮落,neg
墮落的,neg
墮落者,neg
嬌養,neg
審判,neg
廢止,neg
廢物,neg
廢除,neg
廢棄,neg
廢棄的,neg
廢話,neg
廢墟,neg
彈劾,neg
徵收,neg
徵收報復性關稅,neg
徵稅,neg
憂沈,neg
憂悶,neg
憂傷,neg
憂慮,neg
憂慮的,neg
憂鬱,neg
憂鬱的,neg
慾望,neg
憎恨,neg
憎恨之物,neg
憎惡,neg
憤世,neg
憤世嫉俗,neg
憤世嫉俗的,neg
憤怒,neg
憤怒的,neg
憤恨,neg
憤慨,neg
憔悴,neg
憔悴的,neg
撞擊,neg
撞擊聲,neg
撲滅,neg
撕破,neg
撕裂,neg
撕裂處,neg
撕毀,neg
撕碎,neg
撒旦,neg
撒尿,neg
撒謊,neg
撬起,neg
撬動,neg
敵人,neg
敵手,neg
敵軍,neg
敵意,neg
敵對,neg
敵對的,neg
暫停,neg
暴力,neg
暴力引起,neg
暴力引起的,neg
暴行,neg
暴雨,neg
暴怒,neg
暴政,neg
暴虐,neg
暴虐行為,neg
暴虐的,neg
暴風,neg
暴風雨,neg
暴風雨的,neg
暴徒,neg
暴動,neg
暴跌,neg
暴亂,neg
暴躁,neg
暴躁的,neg
暴露,neg
模糊,neg
模糊不清,neg
模糊不清地說,neg
模糊不清地說話,neg
模糊不清的事物,neg
模糊的,neg
模稜兩可,neg
模稜兩可的,neg
模稜兩可的話,neg
毆打,neg
潑婦,neg
潛入,neg
潛伏,neg
潛伏者,neg
潛行,neg
潛行於,neg
潛逃,neg
潛藏,neg
潰瘍,neg
熱病,neg
瘟疫,neg
瘦的,neg
皺眉,neg
皺眉表示,neg
皺眉頭,neg
皺紋,neg
皺縮,neg
盤問,neg
瞎的,neg
碾碎,neg
窮人,neg
窮光蛋,neg
窮凶,neg
窮凶極惡,neg
窮凶極惡的,neg
窮困,neg
窮困的,neg
窮境,neg
糊塗,neg
緩慢,neg
緩慢的,neg
罵髒話,neg
罷工,neg
罷市,neg
罷課,neg
膚淺,neg
膚淺的,neg
蔓生,neg
蔓生的,neg
蔓延,neg
蔑視,neg
蓬亂,neg
衝口,neg
衝口說出,neg
衝出,neg
衝突,neg
衝動,neg
衝動的,neg
衝撞,neg
沖頭,neg
沖壓機,neg
衝擊,neg
衝擊波,neg
複雜,neg
複雜化,neg
複雜性,neg
複雜的,neg
複雜的因素,neg
複雜的事物,neg
課刑,neg
諂媚,neg
調戲,neg
論爭,neg
論爭的,neg
論戰,neg
誹謗,neg
誹謗性,neg
誹謗性的,neg
誹謗的,neg
誹謗者,neg
誹謗罪,neg
賦閒無事,neg
賤役,neg
賭注,neg
賭掉,neg
賭博,neg
賭運氣,neg
賣弄,neg
賣弄風騷,neg
賣弄風騷的人,neg
賣假毒品給人,neg
賣國,neg
賣國賊,neg
質地薄,neg
質地薄的,neg
質問,neg
質疑,neg
踐踏,neg
踩踏,neg
適於屠宰,neg
遮暗,neg
遮蔽,neg
遭受,neg
遭受風吹雨打,neg
遭受風吹雨打的,neg
遭遇,neg
遷就,neg
醉漢,neg
震動,neg
震顫,neg
震驚,neg
靠不住,neg
靠不住的,neg
鞍傷,neg
養肥,neg
餓死,neg
餓得,neg
餓得要死,neg
餘地,neg
駑馬,neg
鬧劇,neg
魯莽,neg
魯莽行為,neg
魯莽的,neg
噪音,neg
噪聲,neg
噱頭,neg
懊悔,neg
懊惱,neg
戰役,neg
戰爭,neg
戰爭的,neg
戰鬥,neg
戰鬥的,neg
戰場,neg
擅自,neg
擅自摸弄,neg
擅離,neg
擁有壓倒優勢,neg
擁塞,neg
擁擠,neg
擁擠的,neg
擋開,neg
操賤役,neg
操賤役的人,neg
擔心,neg
擔負,neg
擔憂,neg
橫穿,neg
橫渡,neg
橫著,neg
橫著的,neg
橫過,neg
橫衝,neg
橫衝直撞,neg
濃烈,neg
濃煙,neg
激怒,neg
激浪,neg
激烈,neg
激烈的,neg
激烈進行,neg
激動,neg
激進分子,neg
激潮,neg
激戰,neg
燒製,neg
燒焦,neg
燒傷,neg
燒燬,neg
燒壞,neg
燙痛,neg
燙傷,neg
燃燒,neg
獨裁,neg
獨裁的,neg
獨裁者,neg
獨裁者的,neg
獨斷,neg
獨斷的,neg
瘸的,neg
磨損,neg
磨損的,neg
磨損處,neg
磨壞,neg
積聚錢財,neg
窺探,neg
窺視,neg
篡改,neg
篡奪,neg
蕩婦,neg
蕭條,neg
蕭條的,neg
謀反,neg
謀反者,neg
謀得,neg
謀殺,neg
謀略,neg
諷刺,neg
諷刺的,neg
諷剌,neg
諷剌之事,neg
蹂躪,neg
輻射,neg
輻射性微塵,neg
輸光,neg
辦錯,neg
遲到,neg
遲到的,neg
遲鈍,neg
遲鈍的,neg
遲滯,neg
遲緩,neg
遺失,neg
遺失者,neg
遺棄,neg
遺漏,neg
遺憾,neg
遺贈,neg
鋸掉,neg
錯失,neg
錯亂,neg
錯亂地做事,neg
錯過,neg
錯綜,neg
錯誤,neg
錯誤地,neg
錯誤地處理,neg
錯誤的,neg
錯覺,neg
隨口,neg
隨口洩漏,neg
隨便,neg
隨便地放置,neg
隨便的,neg
險惡,neg
險惡的,neg
險境,neg
頻繁,neg
頭痛,neg
頭暈,neg
頭暈的,neg
頭暈眼花,neg
頹廢,neg
頹廢的,neg
頹廢者,neg
頹廢派藝術家,neg
頹廢期,neg
頹廢期的,neg
優柔寡斷,neg
優柔寡斷的,neg
償付,neg
嚎啕,neg
嚇人,neg
嚇人的,neg
嚇出,neg
嚇呆,neg
嚇呆的,neg
嚇跑,neg
壓力,neg
壓下,neg
壓抑,neg
壓制,neg
壓制性,neg
壓制性的,neg
壓治,neg
壓治統治,neg
壓迫,neg
壓迫的,neg
壓倒,neg
壓倒性,neg
壓倒性的,neg
壓破,neg
壓碎,neg
壓搾,neg
壓皺,neg
壓壞,neg
尷尬,neg
瀰漫,neg
應斥責,neg
應斥責的,neg
應負責的,neg
應該譴責,neg
應該譴責的,neg
懦弱,neg
懦弱的人,neg
戲弄,neg
擊中,neg
擊成..,neg
擊退,neg
擊退的,neg
擊敗,neg
擊潰,neg
擠出前進,neg
擠向前,neg
擠過,neg
擠過去,neg
擠滿,neg
擦破,neg
擦痕,neg
擦痛,neg
擦傷,neg
擱下,neg
曖昧,neg
曖昧的,neg
濫用,neg
癌症,neg
瞪眼,neg
瞧不起,neg
瞧不起人,neg
瞧不起人的,neg
矯揉,neg
矯揉造作,neg
矯揉造作的,neg
矯飾,neg
糟粕,neg
糟透,neg
糟透了,neg
糟透了的,neg
糟透的,neg
縮小,neg
縮減,neg
繃著,neg
繃著的臉,neg
繃緊,neg
繃緊的,neg
縱容,neg
縱情,neg
縱情於,neg
聲名狼藉,neg
聲名狼藉的,neg
聲明拒付,neg
聲明放棄,neg
聳人,neg
聳人聽聞,neg
聳人聽聞的,neg
聳肩,neg
聳肩表示,neg
膽大,neg
膽大妄為,neg
膽大妄為的,neg
膽小,neg
膽小的,neg
膽小的人,neg
膽怯,neg
膽寒,neg
膽敢,neg
臉上發紅,neg
臉上發紅的,neg
臨死,neg
臨死的痛苦,neg
臨時手段,neg
臨時地,neg
舉反證,neg
舉止失禮,neg
艱巨,neg
艱巨的,neg
艱苦,neg
艱苦的,neg
艱難,neg
艱難的,neg
薄弱,neg
薄情,neg
薄情的,neg
虧缺,neg
褻瀆,neg
謊言,neg
謊話,neg
謠言,neg
謠傳,neg
謝絕,neg
輾轉,neg
避免,neg
避免直接答覆,neg
避開,neg
避債,neg
避諱,neg
還可以的,neg
醜老太婆,neg
醜事,neg
醜的,neg
醜陋,neg
醜陋的,neg
醜惡,neg
醜惡的,neg
醜聞,neg
隱伏,neg
隱伏的,neg
隱秘,neg
隱秘的,neg
隱退,neg
隱退處,neg
隱密,neg
隱密的,neg
隱蔽,neg
隱蔽的,neg
隱蔽處,neg
隱瞞,neg
隱諱,neg
隱藏,neg
鼾聲,neg
擾亂,neg
攆走,neg
擺脫,neg
擺脫了,neg
擺脫了的,neg
擺脫的,neg
斷念,neg
斷然拒絕,neg
斷絕,neg
斷裂,neg
斷開,neg
朦朧,neg
歸咎,neg
歸咎於,neg
濺出,neg
獵食,neg
竄改,neg
簡陋,neg
簡陋的,neg
糧食不足,neg
繞圈子,neg
繞圈子的,neg
繞圈子的話,neg
繚亂,neg
翻找,neg
翻倒,neg
翻滾,neg
翻騰,neg
舊病,neg
舊病復發,neg
藐視,neg
藉口,neg
蟲子,neg
謬見,neg
謬誤,neg
謬誤的,neg
謬論,neg
贅詞,neg
蹙額,neg
蹣跚,neg
蹣跚地走,neg
鎮壓,neg
闖入,neg
離婚,neg
離鄉,neg
離鄉背井,neg
離開,neg
離開正道,neg
離開正道的,neg
離間,neg
離群,neg
離群的動物,neg
雜交,neg
雜多,neg
雜多的,neg
雜事,neg
雜物,neg
雜草,neg
雜訊,neg
雜亂,neg
雜亂的一團,neg
雜質,neg
雙關話,neg
鞭子,neg
鞭打,neg
鯊魚,neg
壞人,neg
壞事,neg
壞的,neg
壞的東西或情形,neg
壞處,neg
壞蛋,neg
壞脾氣,neg
壞脾氣的,neg
壞運氣,neg
壟斷,neg
寵壞,neg
懲罰,neg
懷有惡意,neg
懷有惡意的,neg
懷恨,neg
懷恨的,neg
懷恨者,neg
懷惡意,neg
懷惡意的,neg
懷疑,neg
懷疑宗教教條,neg
懷疑宗教教條的,neg
懷疑的,neg
懷疑論,neg
懷疑論的,neg
懷敵意,neg
懷敵意的,neg
懶人,neg
懶惰,neg
懶惰的,neg
懶惰鬼,neg
懶散,neg
懶散地,neg
懶漢,neg
曠課,neg
曠課者,neg
爆炸,neg
爆炸物,neg
爆炸的,neg
爆破,neg
爆發,neg
爆震,neg
羅網,neg
證明..是虛假,neg
譏諷,neg
辭呈,neg
辭職,neg
邋遢,neg
邋遢女人,neg
邋遢的,neg
關上,neg
關在,neg
關押,neg
難以,neg
難以取悅,neg
難以取悅的,neg
難以明瞭,neg
難以明瞭的,neg
難以相信,neg
難以捉摸,neg
難以捉摸的,neg
難以置信,neg
難以置信的,neg
難民,neg
難事,neg
難取悅,neg
難取悅的,neg
難治療,neg
難治療的,neg
難信,neg
難信的,neg
難為情,neg
難相處,neg
難相處的,neg
難看,neg
難看的,neg
難耐,neg
難耐的,neg
難捕捉之物,neg
難捉摸,neg
難捉摸的,neg
難控制,neg
難控制的,neg
難接近,neg
難接近的,neg
難處理,neg
難處理的,neg
難解,neg
難解的,neg
難達成,neg
難達成的,neg
難達到,neg
難達到的,neg
難過,neg
難駕馭,neg
難駕馭的,neg
難辦,neg
難點,neg
難題,neg
霧朦朧,neg
顛倒,neg
顛覆,neg
顛簸,neg
騙人,neg
騙人的,neg
騙子,neg
騙局,neg
勸告,neg
勸阻,neg
嚴重,neg
嚴重地,neg
嚴重事故,neg
嚴重的,neg
嚴重破壞,neg
嚴峻,neg
嚴峻的,neg
嚴格,neg
嚴格的,neg
嚴寒,neg
嚴寒的,neg
嚴肅,neg
嚴肅的,neg
嚴酷,neg
嚴酷的,neg
嚴酷的考驗,neg
嚴厲,neg
嚴厲批評,neg
嚴厲拒絕,neg
嚴厲的,neg
嚴厲對待,neg
嚴懲,neg
攙假,neg
攙雜,neg
獻慇勤,neg
競爭,neg
競爭者,neg
蠕動,neg
覺得疼痛,neg
觸及,neg
觸犯,neg
觸怒,neg
議論,neg
警告,neg
警惕,neg
警惕的,neg
警報,neg
警報器,neg
饑荒,neg
飢餓,neg
飢餓的,neg
饑謹,neg
饑饉,neg
騷動,neg
騷亂,neg
騷擾,neg
懼怕,neg
殲滅,neg
灌輸,neg
纏結,neg
纏繞,neg
蠢人,neg
蠢事,neg
蠢話,neg
譴責,neg
贓物,neg
躊躇,neg
轟炸,neg
轟動,neg
轟動一時,neg
轟動一時的,neg
轟鳴,neg
轟擊,neg
辯解,neg
辯駁,neg
辯論,neg
霸佔,neg
響而刺耳,neg
響而刺耳的,neg
顧忌,neg
驅使,neg
驅逐,neg
驅散,neg
魔女,neg
魔王,neg
魔鬼,neg
魔鬼似,neg
魔鬼似的,neg
魔鬼的,neg
黯淡,neg
黯淡的,neg
權宜,neg
權宜之計,neg
權宜的,neg
聾的,neg
聽不清,neg
聽任,neg
襲取,neg
襲擊,neg
顫抖,neg
顫動,neg
顫聲,neg
驕傲,neg
驕傲自大,neg
驕傲的,neg
髒污,neg
髒話,neg
攫取,neg
曬焦,neg
竊賊,neg
竊聽,neg
竊聽器,neg
蠱惑,neg
變幻,neg
變幻無常,neg
變幻無常的,neg
變成廢墟,neg
變污,neg
變空,neg
變革,neg
變凌亂,neg
變弱,neg
變破爛,neg
變動,neg
變得不愉快,neg
變得有缺陷,neg
變得冷酷無情,neg
變得更壞,neg
變得束手無策,neg
變得陰沈,neg
變得渺茫,neg
變得無恥,neg
變得微弱,neg
變得緊張,neg
變得模糊,neg
變淡,neg
變深,neg
變軟弱,neg
變陰沈,neg
變陰暗,neg
變鈍,neg
變黑,neg
變黑暗,neg
變暗,neg
變暗淡,neg
變節,neg
變態,neg
變態性慾者,neg
變態的,neg
變態者,neg
變酸,neg
變憂沈,neg
變模糊,neg
變皺,neg
變複雜,neg
變遲鈍,neg
變醜,neg
變舊,neg
變壞,neg
變髒,neg
顯怒容,neg
驚人,neg
驚人的,neg
驚呆,neg
驚呆的,neg
驚恐,neg
驚訝,neg
驚愕,neg
驚惶,neg
驚惶失措,neg
驚惶奔跑,neg
驚慌,neg
驚跳,neg
驚險,neg
驚險動作,neg
驚駭,neg
驚駭的,neg
驚嚇,neg
驚懼,neg
癱瘓,neg
癲狂,neg
癲狂者,neg
蠶食,neg
讓渡,neg
蠻幹,neg
蠻橫,neg
蠻橫行為,neg
蠻橫的,neg
咂嘴,neg
骯髒,neg
骯髒的,neg
揶揄,neg
揶揄者,neg
痼疾,neg
蜚語,neg
噁心,neg
噁心的,neg
噘起,neg
噘著嘴說,neg
噘嘴,neg
鋌而走險,neg
鋌而走險的,neg
蹩腳,neg
蹩腳的,neg
譭謗,neg
一文不值,neg
一屁股,neg
一肚子氣,neg
一肚子壞水,neg
一面倒,neg
一個屁,neg
一哭二鬧三上吊,neg
一氣,neg
一氣之下,neg
一張臭臉,neg
一廂情願,neg
一意孤行,neg
一腳踹開,neg
一團糟,neg
一槍斃了你,neg
一箭之仇,neg
一錯再錯,neg
二百五,neg
人人自危,neg
人心惶惶,neg
人生不就是如此,neg
人身攻擊,neg
人渣,neg
人窮志短,neg
八股,neg
刀割,neg
刁難,neg
又氣,neg
三八,neg
三流,neg
下三爛,neg
下手,neg
下半身思考,neg
下地獄,neg
下毒,neg
下毒手,neg
下流,neg
下賤,neg
上吊,neg
乞求,neg
乞討,neg
乞憐,neg
亡羊補牢,neg
千瘡百孔,neg
口吃,neg
口臭,neg
口齒不清,neg
大小姐脾氣,neg
大小便,neg
大失,neg
大失所望,neg
大吃一驚,neg
大吵大鬧,neg
大吼,neg
大言不慚,neg
大便,neg
大怒,neg
大胖子,neg
大哭,neg
大破壞,neg
大屠殺,neg
大敗,neg
大笨蛋,neg
大惑,neg
大惑不解,neg
大悲,neg
大發雷霆,neg
大亂,neg
大塊呆,neg
大誇,neg
大罵,neg
大鬧,neg
大噪,neg
大膽,neg
大爛人,neg
大驚,neg
大驚小怪,neg
大驚失色,neg
小人,neg
小心眼,neg
小便,neg
小孩沒屁眼,neg
小家子氣,neg
小時了了,neg
小氣,neg
小眼睛,neg
小提大做,neg
小鼻子,neg
小器,neg
小題大作,neg
干戈,neg
干休,neg
干政,neg
干擾,neg
才怪,neg
才疏學淺,neg
不了,neg
不下,neg
不予,neg
不予置評,neg
不仁,neg
不公,neg
不公平,neg
不切,neg
不切實際,neg
不以,neg
不以為然,neg
不出,neg
不可,neg
不可一世,neg
不可收拾,neg
不可理喻,neg
不可愛,neg
不可諱言,neg
不平,neg
不平衡,neg
不正,neg
不甘,neg
不甘不願,neg
不甘心,neg
不甘示弱,neg
不甘寂寞,neg
不甩,neg
不好,neg
不好意思,neg
不如,neg
不如人意,neg
不安,neg
不成,neg
不利,neg
不孝,neg
不快,neg
不快樂,neg
不肖,neg
不良,neg
不足,neg
不足為奇,neg
不佳,neg
不到,neg
不受,neg
不受尊重,neg
不和,neg
不定,neg
不幸,neg
不忿,neg
不怕死,neg
不明不白,neg
不知,neg
不知去向,neg
不知所云,neg
不知所措,neg
不近,neg
不近情理,neg
不長,neg
不長眼睛,neg
不長進,neg
不便,neg
不是,neg
不是人,neg
不是省油的燈,neg
不畏,neg
不耐,neg
不耐煩,neg
不要,neg
不要命,neg
不要臉,neg
不值,neg
不倫不類,neg
不屑,neg
不屑於,neg
不恥,neg
不悅,neg
不起,neg
不起眼,neg
不配,neg
不務,neg
不務正業,neg
不得,neg
不得已,neg
不清,neg
不爽,neg
不理,neg
不祥,neg
不勞,neg
不勞而獲,neg
不喜歡,neg
不尊重,neg
不就,neg
不敢苟同,neg
不智,neg
不著,neg
不雅觀,neg
不順眼,neg
不會,neg
不經,neg
不經心,neg
不置可否,neg
不義,neg
不道德,neg
不像,neg
不像話,neg
不寧,neg
不實,neg
不對,neg
不對勁,neg
不彰,neg
不滿,neg
不管三七二十一,neg
不衛生,neg
不學無術,neg
不擇,neg
不擇手段,neg
不應該,neg
不懂,neg
不檢,neg
不講信用,neg
不懷,neg
不懷好意,neg
不懼,neg
不顧,neg
不顧一切,neg
不歡而散,neg
不羈,neg
中邪,neg
中毒,neg
中飽私囊,neg
之仇,neg
之恨,neg
之恥,neg
之嫌,neg
予取予求,neg
互吵,neg
五味雜陳,neg
什麼世界,neg
什麼東西,neg
什麼態度,neg
什麼德性,neg
仇外,neg
仇外情節,neg
仇佛蔑僧,neg
仇恨,neg
仇視,neg
介意,neg
內疚,neg
內阻,neg
內訌,neg
內鬥,neg
內哄,neg
六神無主,neg
六親不認,neg
冗長,neg
冗雜,neg
凶什麼,neg
凶多吉少,neg
凶悍,neg
兇猛,neg
凶險,neg
分化,neg
分崩離析,neg
分裂,neg
分贓,neg
勾引,neg
勾引到,neg
勾結,neg
勾搭,neg
化石,neg
反目,neg
反其道而行,neg
反叛,neg
反胃,neg
反悔,neg
反感,neg
反駁,neg
反彈,neg
反諷,neg
反覆無常,neg
天下大亂,neg
天殺,neg
天殺的,neg
太閒,neg
夭折,neg
夭壽,neg
少惹,neg
少惹我,neg
少煩,neg
少煩我,neg
巴結,neg
引咎,neg
引頸企盼,neg
心力交疲,neg
心不甘情不願,neg
心生畏懼,neg
心如刀割,neg
心有餘悸,neg
心死,neg
心灰意冷,neg
心急,neg
心急如焚,neg
心狠手辣,neg
心疼,neg
心神不定,neg
心神不寧,neg
心胸狹窄,neg
心胸狹隘,neg
心高氣傲,neg
心情不好,neg
心情惡劣,neg
心軟,neg
心寒,neg
心痛,neg
心虛,neg
心煩,neg
心煩意亂,neg
心碎,neg
心酸,neg
心機,neg
心機很重,neg
心臟受不了,neg
心驚肉跳,neg
心驚膽戰,neg
戶斥,neg
日本鬼子,neg
欠打,neg
欠佳,neg
欠你的,neg
欠扁,neg
欠揍,neg
欠干,neg
欠罵,neg
毛坑,neg
毛骨悚然,neg
毛躁,neg
水火不容,neg
火大,neg
火冒三丈,neg
火爆,neg
牙癢癢,neg
牛頭不對馬嘴,neg
王八羔子,neg
王八蛋,neg
世故,neg
世儈,neg
乏人,neg
乏人問津,neg
乏味,neg
乏善,neg
乏善可陳,neg
以牙還牙,neg
以怨,neg
以怨報怨,neg
以怨報德,neg
以退為進,neg
以偏概全,neg
以商逼政,neg
以訛傳訛,neg
以貌取人,neg
他奶奶,neg
他奶奶的,neg
他馬,neg
他馬的,neg
他媽,neg
他媽的,neg
他媽媽,neg
仗著,neg
令人厭惡,neg
凹種,neg
出軌,neg
出氣,neg
出爾反爾,neg
出賣,neg
出賣身體,neg
出錯,neg
出糗,neg
加油添醋,neg
功利,neg
功敗垂成,neg
功虧一簣,neg
包庇,neg
半死,neg
半途而廢,neg
佔去,neg
佔用,neg
佔領,neg
佔據,neg
去去去,neg
去死,neg
去死吧,neg
去死啦,neg
去你,neg
去你的,neg
去你媽,neg
去你媽的,neg
去搞,neg
可怖,neg
可怕,neg
可恨,neg
可恥,neg
可笑,neg
可惜,neg
可望,neg
可惡,neg
可悲,neg
可歎,neg
可疑,neg
可憐,neg
可歎,neg
古板,neg
叫屁,neg
叫屈,neg
叫苦,neg
叫嚷,neg
叫囂,neg
台獨,neg
台灣之恥,neg
囚禁,neg
失手,neg
失去,neg
失色,neg
失血,neg
失利,neg
失序,neg
失志,neg
失身,neg
失事,neg
失和,neg
失明,neg
失盲,neg
失信,neg
失卻,neg
失約,neg
失效,neg
失眠,neg
失神,neg
失笑,neg
失密,neg
失常,neg
失控,neg
失掉,neg
失敗,neg
失望,neg
失焦,neg
失意,neg
失落,neg
失態,neg
失魂落魄,neg
失戀,neg
失怙,neg
奴性,neg
奴隸,neg
左右為難,neg
平庸,neg
幼稚,neg
必死,neg
必死無疑,neg
打一打,neg
打人,neg
打人喊救人,neg
打死,neg
打抱不平,neg
打退,neg
打退堂鼓,neg
打高空,neg
打罵,neg
打壓,neg
打擊,neg
打擾,neg
打爛,neg
打攪,neg
斥責,neg
斥罵,neg
本末倒置,neg
未雨綢繆,neg
未遂,neg
永訣,neg
永遠都不要看到你,neg
氾濫,neg
犯愁,neg
犯賤,neg
玉石俱焚,neg
瓜田李下,neg
瓜田李下之嫌,neg
甘你屁事,neg
生怕,neg
生恨,neg
生厭,neg
生懼,neg
生變,neg
用心良苦,neg
甩了,neg
甩不甩,neg
甩不掉,neg
甩得,neg
甩得一乾二淨,neg
甩掉,neg
甩都不甩,neg
甩都甩不掉,neg
由不得,neg
由他去,neg
由愛生恨,neg
申明,neg
申述,neg
申訴,neg
白目,neg
白吃,neg
白受氣,neg
白搞,neg
白癡,neg
白癡,neg
白爛,neg
皮條客,neg
目中無人,neg
目光短淺,neg
矛盾,neg
示眾,neg
丟臉,neg
任性,neg
凶巴巴,neg
兇惡,neg
凶暴,neg
劣根,neg
劣根性,neg
危機,neg
吐一口痰,neg
吐痰,neg
吃不下,neg
吃屎,neg
吃飽太閒,neg
吃飽閒閒,neg
吃飽撐著,neg
因魂不散,neg
地獄,neg
在那邊混,neg
奸男女,neg
奸偽,neg
姦情,neg
好不,neg
好不應該,neg
好死不死,neg
好自為之,neg
好恨,neg
好假,neg
好嘔,neg
好屌,neg
存心,neg
安然無恙,neg
安慰,neg
安慰安慰,neg
安撫,neg
安靜下來,neg
尖叫,neg
尖酸,neg
有口無心,neg
有什麼了不起,neg
有仇,neg
有出息,neg
有好有壞,neg
有屁用,neg
有個屁用,neg
有氣,neg
有問題,neg
有夠,neg
有夠累,neg
有夠蠢,neg
有得瞧,neg
有意,neg
有愧,neg
有資格,neg
有種,neg
有點火,neg
有礙,neg
有礙觀瞻,neg
有啥,neg
有啥了不起,neg
死了,neg
死了算了,neg
死人,neg
死三八,neg
死小鬼,neg
死不,neg
死不認帳,neg
死不瞑目,neg
死心,neg
死皮賴臉,neg
死光,neg
死光光,neg
死刑,neg
死老太婆,neg
死老百姓,neg
死老頭,neg
死色呸,neg
死命,neg
死東西,neg
死板,neg
死狗,neg
死肥豬,neg
死活,neg
死玻璃,neg
死胖女,neg
死胖子,neg
死要面子,neg
死氣沈沈,neg
死臭酸,neg
死蚊子,neg
死鬼,neg
死寂,neg
死得很難看,neg
死得難看,neg
死掉,neg
死魚,neg
死魚臉,neg
死傢伙,neg
死期,neg
死黑店,neg
死愛,neg
死愛面子,neg
死愛滋,neg
死腦筋,neg
死裡逃生,neg
死德性,neg
死樣子,neg
死豬頭,neg
死澳門仔,neg
死貓,neg
死賴,neg
死薪水,neg
死蟑螂,neg
死纏,neg
死纏活纏,neg
死囡仔,neg
死屌,neg
污染,neg
污辱,neg
污蔑,neg
污穢,neg
污蔑,neg
灰心,neg
老二,neg
老大,neg
老子,neg
老不休,neg
老奸巨猾,neg
老死,neg
老到,neg
老油條,neg
老是,neg
老娘,neg
老氣橫秋,neg
老猴,neg
老態龍鍾,neg
老練,neg
老謀深算,neg
肉麻,neg
肉腳,neg
自大,neg
自以為,neg
自以為了不起,neg
自以為是,neg
自以為清高,neg
自甘墮落,neg
自由心證,neg
自危,neg
自作,neg
自作主張,neg
自作多情,neg
自作聰明,neg
自求,neg
自求多福,neg
自私,neg
自私到極點,neg
自卑,neg
自命,neg
自命為,neg
自命清高,neg
自怨,neg
自怨自艾,neg
自相矛盾,neg
自相殘殺,neg
自食惡果,neg
自掃門前雪,neg
自棄,neg
自殺,neg
自責,neg
自閉,neg
自欺,neg
自誇,neg
自滿,neg
自認,neg
自認為,neg
自慰,neg
自憐,neg
自暴自棄,neg
自縛,neg
自詡,neg
自詡為,neg
舌頭斷掉,neg
色狼,neg
行為不檢,neg
住監獄,neg
何不,neg
何必,neg
何妨,neg
何苦,neg
何苦來哉,neg
何嘗,neg
佔便宜,neg
佔著,neg
佔著毛坑不拉屎,neg
但願,neg
作奸犯科,neg
作秀,neg
作怪,neg
作假,neg
作梗,neg
作賊,neg
作賊喊捉賊,neg
作嘔,neg
作夢,neg
作弊,neg
作樂,neg
作孽,neg
你以為自己,neg
你以為你是誰,neg
你他媽,neg
你他媽的,neg
你他媽媽的,neg
你去死,neg
你完了,neg
你是怎樣,neg
你是怎樣啊,neg
你就完了,neg
你媽,neg
你媽的,neg
你管我,neg
低下,neg
低劣,neg
低吼,neg
低沈,neg
低沉,neg
低姿態,neg
低哼,neg
低哦,neg
低級,neg
低迷,neg
低等,neg
低落,neg
低潮,neg
低聲下氣,neg
克制,neg
免談,neg
冷冰冰,neg
冷汗,neg
冷血,neg
冷冷,neg
冷峻,neg
冷笑,neg
冷淡,neg
冷眼,neg
冷眼旁觀,neg
冷然,neg
冷落,neg
冷漠,neg
冷戰,neg
冷靜,neg
冷靜下來,neg
別來惹我,neg
別來煩我,neg
別離,neg
利用,neg
利用人,neg
利用別人,neg
利用我們,neg
利益輸送,neg
吝嗇,neg
呆呆,neg
呆板,neg
呆滯,neg
吹牛,neg
吵人,neg
吵死,neg
吵別人,neg
吵吵鬧鬧,neg
吵到,neg
吵的像什麼鬼一樣,neg
吵架,neg
吵起來,neg
吵嘴,neg
吵鬧,neg
吵翻天,neg
吶喊,neg
吠盡,neg
吼叫,neg
吼道,neg
含恨,neg
含恨在心,neg
含糊,neg
困在,neg
困死,neg
困惑,neg
困頓,neg
困擾,neg
困難,neg
困難重重,neg
妒忌,neg
妒恨,neg
妓女,neg
完了,neg
完蛋,neg
屁用,neg
屁事,neg
屁股,neg
屁啦,neg
屁眼,neg
屁話,neg
巫婆,neg
庇護,neg
忘不了,neg
忘恩負義,neg
忌妒,neg
忍下來,neg
忍心,neg
忍受,neg
忍受不了,neg
忍耐,neg
忍氣吞聲,neg
忍痛,neg
快滾,neg
戒懼,neg
我好恨,neg
我咧,neg
我咧看,neg
我恨你,neg
我靠,neg
我操,neg
我操你媽,neg
抄你爸,neg
扭捏作態,neg
把你打死,neg
找麻煩,neg
找誰幹啊,neg
找碴,neg
批臭,neg
批鬥,neg
批發,neg
批評,neg
批評別人,neg
批評為,neg
批駁,neg
扯懶蛋,neg
折磨,neg
投敵,neg
投機,neg
抓來,neg
抓來打一打,neg
抑鬱,neg
改變不了,neg
改變成,neg
改變改變,neg
攻擊,neg
更嘔,neg
更賤,neg
束手無策,neg
束縛,neg
求助,neg
求求,neg
求情,neg
求救,neg
求教,neg
求解,neg
沈重,neg
沈浸,neg
沈寂,neg
沈淪,neg
沈悶,neg
沈溺,neg
沈默,neg
沈默不語,neg
沈鬱,neg
沉重,neg
沉寂,neg
沉淪,neg
沉陷,neg
沉悶,neg
沉溺,neg
沉默,neg
沉鬱,neg
沒大沒小,neg
沒才華,neg
沒天理,neg
沒手,neg
沒手沒腳,neg
沒水準,neg
沒出息,neg
沒去,neg
沒去理會,neg
沒用,neg
沒用的傢伙,neg
沒好氣,neg
沒有,neg
沒有用,neg
沒有能力,neg
沒完沒了,neg
沒屁眼,neg
沒把握,neg
沒事,neg
沒事做,neg
沒來由,neg
沒法,neg
沒法子,neg
沒法兒,neg
沒勁,neg
沒品,neg
沒品德,neg
沒效,neg
沒能,neg
沒能力,neg
沒動逃,neg
沒得,neg
沒得說,neg
沒救,neg
沒救了,neg
沒教養,neg
沒意思,neg
沒想,neg
沒想到,neg
沒腳,neg
沒腦袋,neg
沒道理,neg
沒種,neg
沒精,neg
沒精打采,neg
沒精打彩,neg
沒轍,neg
沒衛生,neg
沒辦法,neg
沒關係,neg
狂怒,neg
狂傲,neg
男盜女娼,neg
私心,neg
秀逗,neg
禿頭,neg
肘掖生變,neg
肚量小,neg
肚爛,neg
良心被狗吃,neg
見死不救,neg
言不及義,neg
貝戈戈,neg
貝戈哥,neg
貝哥哥,neg
走人,neg
走下坡,neg
走狗,neg
走著瞧,neg
走開,neg
走開啦,neg
那裡惹到你,neg
那麼沒用,neg
那麼干,neg
那麼爛,neg
乖張,neg
兩難,neg
其反,neg
刻板,neg
刻苦,neg
刺激,neg
卒仔,neg
卒仔臉,neg
卑劣,neg
卑微,neg
卑鄙,neg
卑賤,neg
受不了,neg
受氣,neg
咒死,neg
咒罵,neg
固執,neg
垃圾,neg
始作俑者,neg
你她媽,neg
孤行,neg
孤寂,neg
孤僻,neg
官逼民反,neg
居然,neg
怪人,neg
怪力亂神,neg
怪物,neg
怕死,neg
承受,neg
拉出,neg
拉出來,neg
拉屎,neg
抹黑,neg
抹煞,neg
招搖撞騙,neg
拋棄,neg
抨擊,neg
拍拍屁股找不著人,neg
拍拍屁股走人,neg
拍馬屁,neg
抱怨,neg
抱歉,neg
拘謹,neg
拖累,neg
拗客,neg
拆橋,neg
拎背,neg
放一個屁,neg
放屁,neg
放狗,neg
放狗咬我啊,neg
東西,neg
東洋鬼子,neg
東罵西罵,neg
歧視,neg
爭氣點,neg
狗屁不通,neg
狗男女,neg
狗眼,neg
狗眼看人低,neg
狗嘴,neg
狗嘴吐不出象牙,neg
狗雜碎,neg
玩人家,neg
盲目,neg
肥胖,neg
芭樂問題,neg
花容失色,neg
花癡,neg
金玉其外敗絮其中,neg
長的醜,neg
長的醜並不是你的錯,neg
長痔瘡,neg
侵佔,neg
保守,neg
俗辣,neg
侮辱,neg
冒冷汗,neg
冠冕堂皇,neg
勉強,neg
厚利可圖,neg
厚臉,neg
厚臉皮,neg
厚顏薄恥,neg
哀怨,neg
哀戚,neg
哀痛,neg
哀歎,neg
哇咧,neg
哇哩,neg
哇哩咧,neg
哇勒塞你娘,neg
哇靠,neg
哈巴狗,neg
姦淫,neg
威脅,neg
屍體,neg
度爛,neg
很氣,neg
很臭,neg
很混,neg
很醜,neg
很爛,neg
很蠢,neg
很屌,neg
後悔,neg
怒火,neg
怒髮衝冠,neg
怎麼混,neg
怎麼混的,neg
怎麼這樣,neg
怎麼搞,neg
怎麼搞的,neg
怎樣,neg
怨天尤人,neg
怨命,neg
怨恨,neg
怨憤,neg
恨死,neg
恨死你,neg
恨你,neg
恨的牙癢癢,neg
恨得牙癢癢,neg
恨極,neg
扁一扁,neg
扁你,neg
扁到你說不出話,neg
拜託,neg
拜託,neg
指控,neg
挑剔,neg
挑撥是非,neg
挑撥離間,neg
挑釁,neg
政變,neg
是我的錯嗎,neg
是非不分,neg
是怎樣,neg
毒手,neg
毒打,neg
毒打一頓,neg
洋鬼子,neg
流氓,neg
流眼淚,neg
活該,neg
洩恨,neg
為什麼還,neg
為恥,neg
為富不仁,neg
為禍,neg
狠心,neg
狠打,neg
狠命,neg
狠很,neg
狠毒,neg
狠罵,neg
狡詐,neg
狡滑,neg
狡猾,neg
狡詰,neg
狡辯,neg
玷污,neg
畏懼,neg
看了就有氣,neg
看不起,neg
看不過去,neg
看不慣,neg
看你娘卡好,neg
砍下,neg
砍死,neg
砍掉,neg
砍落,neg
砍頭,neg
砍斷,neg
耍小姐脾氣,neg
耍什麼狠,neg
耍心機,neg
耍色,neg
耍我,neg
耍狠,neg
耍起狠,neg
耍脾氣,neg
耍賤,neg
耍賤招,neg
胖子,neg
背叛,neg
胡作非為,neg
胡吹,neg
胡扯,neg
胡言亂語,neg
胡來,neg
胡思亂想,neg
胡亂,neg
胡亂搞,neg
胡幹,neg
胡搞,neg
胡說,neg
胡說八道,neg
胡鬧,neg
胡謅,neg
致人死命,neg
苦大仇深,neg
苦心,neg
苦悶,neg
苦惱,neg
苦臉,neg
苟且偷安,neg
要死要活,neg
要被當了,neg
要飯,neg
要飯的,neg
計較,neg
負心,neg
軍閥,neg
迫不,neg
迫不得已,neg
迫害,neg
風流,neg
風涼,neg
風涼話,neg
食古不化,neg
食言而肥,neg
倚老賣老,neg
倒底要怎樣,neg
倒楣,neg
倒置,neg
俱焚,neg
冤孽,neg
凌虐,neg
凌辱,neg
凌遲,neg
剝削,neg
剝奪,neg
匪諜,neg
匪類,neg
哼！,neg
哭,neg
哭夭,neg
哭夭個屁,neg
哭妖,neg
哭泣,neg
哭爸,neg
哭媽,neg
唉呀,neg
唉唷,neg
唉喲,neg
唉聲歎氣,neg
哽咽,neg
埋怨,neg
害人,neg
害怕,neg
家破人亡,neg
差勁,neg
恥笑,neg
恐布,neg
恐布份子,neg
恐怖,neg
恐怕,neg
恐慌,neg
恐嚇,neg
恐懼,neg
悔恨,neg
拳打,neg
拳打腳踢,neg
挾怨,neg
捏造,neg
捉賊,neg
挫傷,neg
挫賽,neg
挨打,neg
根本不是我,neg
根本就,neg
氣死,neg
氣死ㄌ,neg
氣死了,neg
氣死人,neg
氣死我了,neg
氣沖沖,neg
氣呼呼,neg
氣昏,neg
氣的半死,neg
氣咻咻,neg
氣急敗壞,neg
氣哼哼,neg
氣得,neg
氣惱,neg
氣絕身亡,neg
氣瘋,neg
氣憤填膺,neg
氣餒,neg
氣壞,neg
浪費,neg
浪費時間,neg
消失,neg
烙跑,neg
烏煙瘴氣,neg
狼心狗肺,neg
狼狽為奸,neg
狹窄,neg
狹隘,neg
畜生,neg
病態,neg
病魔,neg
疲累,neg
真他x的雖,neg
真他ㄇㄉ,neg
真他ㄉ濫,neg
真他媽,neg
真他媽的,neg
真他媽賤,neg
真是夠了,neg
真是爛,neg
真是蠢,neg
真氣,neg
真給他,neg
真干,neg
真爛,neg
真蠢,neg
破口,neg
破口大罵,neg
破麻,neg
破銅爛鐵,neg
破機八,neg
破壞,neg
破壞心情,neg
破壞我的心情,neg
神經病,neg
笑裡藏刀,neg
粉無聊,neg
粉屌,neg
紙老虎,neg
缺德,neg
臭功夫,neg
臭老師,neg
臭老猴,neg
臭老頭,neg
臭你老師咧,neg
臭屁,neg
臭男人,neg
臭味,neg
臭狗,neg
臭青蛙,neg
臭美,neg
臭娘們,neg
臭蚊子,neg
臭話,neg
臭酸,neg
臭銅錢,neg
臭德性,neg
臭臉,neg
荒唐,neg
荒誕,neg
荒謬,neg
草率,neg
草菅,neg
草菅人命,neg
衰老,neg
衰弱,neg
記仇,neg
討人嫌,neg
討人厭,neg
討嫌,neg
討厭,neg
討厭鬼,neg
討價還價,neg
辱罵,neg
迷信,neg
退縮,neg
逃不過,neg
逃之夭夭,neg
逃生,neg
逃避,neg
逃避責任,neg
追殺,neg
閃人,neg
閃邊,neg
除害,neg
除掉,neg
馬屁,neg
馬屁話,neg
馬的,neg
馬的咧,neg
馬的逼,neg
高不成,neg
高不成低不就,neg
高傲,neg
鬥不過,neg
鬥爭,neg
斗臭,neg
鬥起來,neg
鬼子,neg
鬼天氣,neg
鬼叫,neg
鬼東西,neg
鬼玩意,neg
鬼鬼祟祟,neg
乾陰陽,neg
偽人,neg
偽人之心,neg
偽君子,neg
偽造,neg
偽善,neg
偽裝,neg
假仁假義,neg
假公濟私,neg
假心假意,neg
假手,neg
假正經,neg
假惺惺,neg
假道學,neg
做人情,neg
做死做活,neg
做作,neg
做秀,neg
做錯,neg
做壞,neg
做壞事,neg
偷人,neg
偷工減料,neg
偷罵,neg
偷懶,neg
偏心,neg
偏差,neg
偏執,neg
偏頗,neg
偏激,neg
動干戈,neg
動不動,neg
動不動就發脾氣,neg
動手,neg
動怒,neg
動粗,neg
唱反調,neg
唱衰,neg
問題,neg
唯恐,neg
唯恐不及,neg
唯恐天下不亂,neg
啜泣,neg
國仇家恨,neg
基賣,neg
夠了,neg
夠了沒,neg
夠不爽,neg
奢侈,neg
娼妓,neg
婊子,neg
寂寞,neg
專制,neg
專權,neg
屠殺,neg
帶衰,neg
帶塞,neg
帶賽,neg
庸俗,neg
強迫,neg
強詞奪理,neg
強暴,neg
得罪,neg
從中作梗,neg
患得患失,neg
惋惜,neg
淒慘,neg
情何以堪,neg
悻悻,neg
惆悵,neg
掉淚,neg
救我,neg
教得爛,neg
敗家,neg
敗家女,neg
敗家子,neg
敗絮,neg
敗類,neg
欲哭無淚,neg
欲嘔,neg
殺千刀,neg
殺死,neg
淌混水,neg
清寒,neg
混日,neg
混兄弟,neg
混吃混住,neg
混吃混喝,neg
混吃等死,neg
混江湖,neg
混流氓,neg
混淆,neg
混淆國際視聽,neg
混球,neg
混蛋,neg
淒然,neg
淒慘,neg
淚下,neg
淚如雨下,neg
淚流,neg
淚流滿面,neg
淚動,neg
淫污,neg
淫蕩,neg
淫蕩樣,neg
深仇大恨,neg
深恨,neg
牽掛,neg
牽腸掛肚,neg
猖狂,neg
猖獗,neg
猙獰,neg
理不直不壯,neg
現世報,neg
現實,neg
異想天開,neg
痔瘡,neg
眼淚,neg
眼睛狗到蛤仔肉,neg
眼睛瞎調,neg
笨蛋,neg
笨豬,neg
粗心,neg
粗俗,neg
粗話,neg
粗暴,neg
粗魯,neg
羞怯,neg
羞怯怯,neg
羞於,neg
羞恥,neg
羞羞羞,neg
羞赧,neg
羞愧,neg
羞澀,neg
莫名,neg
莫名其妙,neg
莫明,neg
莫明奇妙,neg
莫能,neg
處罰,neg
被打,neg
被利用,neg
被狗吃,neg
被干走,neg
被當,neg
被雷打死,neg
被騙,neg
袖手旁觀,neg
規避,neg
訝異,neg
訝然,neg
責怪,neg
責問,neg
責備,neg
責罵,neg
責難,neg
貪污,neg
貪念,neg
這麼爛,neg
連屁都不如,neg
逞強,neg
造反,neg
造假,neg
造謠,neg
野心,neg
陰沈,neg
陰謀,neg
陷害,neg
雪特,neg
竟敢,neg
竟然,neg
竟然一直給我,neg
魚目混珠,neg
鳥不拉機,neg
鳥東西,neg
鳥屎,neg
鳥話,neg
鳥態度,neg
鳥樣,neg
麻煩,neg
傢伙,neg
最恨,neg
最糟的是,neg
最屌,neg
最跩,neg
啼哭,neg
喪氣,neg
單挑,neg
唾棄,neg
圍毆,neg
堪慮,neg
報仇,neg
報復,neg
報歉,neg
報憂,neg
報應,neg
尋仇,neg
復仇,neg
惡劣,neg
惡有惡報,neg
惡作劇,neg
惡言,neg
惡言相向,neg
惡果,neg
惡毒,neg
惡狠,neg
惡狠很,neg
惡貫滿盈,neg
惡報,neg
惡棍,neg
惡勢力,neg
惡搞,neg
惡夢,neg
惡質,neg
惡臉,neg
惡臉相向,neg
悲哀,neg
悲苦,neg
悲情,neg
悲涼,neg
悲痛,neg
悲痛欲絕,neg
悲傷,neg
悲愁,neg
悲歎,neg
悲慘,neg
悲憤,neg
悲觸,neg
悲觀,neg
悶悶,neg
悶著,neg
慨然,neg
慨歎,neg
惱人,neg
惱火,neg
惱怒,neg
惶急,neg
惶恐,neg
惶惶,neg
揍一頓,neg
提心吊膽,neg
提心吊膽,neg
揮淚,neg
援交,neg
敢死你,neg
敢騙,neg
敢騙我,neg
敢喵,neg
敢喵我,neg
散漫,neg
智障,neg
欺侮,neg
欺負,neg
欺凌,neg
欺瞞,neg
欺壓,neg
欺騙,neg
殘忍,neg
殘殺,neg
殘酷,neg
殘暴,neg
湊什麼熱鬧,neg
焦急,neg
焦慮,neg
焦躁,neg
無人,neg
無力,neg
無可奈何,neg
無奈,neg
無法,neg
無法挽回,neg
無知,neg
無恙,neg
無恥,neg
無恥謂之賤,neg
無能,neg
無情,neg
無理取鬧,neg
無聊,neg
無聊人做無聊事,neg
無聊死了,neg
無聊斃,neg
無語,neg
無語問蒼天,neg
無德,neg
無賴,neg
犀利,neg
猥褻,neg
痛心,neg
痛心疾首,neg
痛恨,neg
痛苦,neg
痛哭,neg
痛哭流涕,neg
發抖,neg
發洩,neg
發酒瘋,neg
發軟,neg
發麻,neg
發脾氣,neg
短淺,neg
稀罕,neg
等著看,neg
等著瞧,neg
結怨連仇,neg
絕不,neg
絕不原諒你,neg
絕望,neg
絕對不會原諒你,neg
給你們好看,neg
給我小心點,neg
給我死,neg
給我注意一點,neg
給我注意點,neg
善罷干休,neg
善變,neg
脾氣,neg
華而不實,neg
菜鳥,neg
虛弱,neg
虛偽,neg
詛咒,neg
貶低,neg
越氣,neg
越想越氣,neg
超討厭,neg
趁火打劫,neg
趁亂搶劫,neg
進退兩難,neg
進退維谷,neg
閒閒,neg
閒閒沒事,neg
閒閒沒事做,neg
飲泣,neg
飲恨,neg
黑店,neg
黑道,neg
亂七八糟,neg
亂叫,neg
亂吃,neg
亂吃豆腐,neg
亂吹牛,neg
亂吠,neg
亂吼,neg
亂屁,neg
亂批評,neg
亂批評別人,neg
亂扯,neg
亂砍,neg
亂殺,neg
亂搞,neg
亂蓋,neg
亂說,neg
亂說話,neg
亂罵,neg
亂罵人,neg
亂講,neg
亂竄,neg
亂辯,neg
亂謅,neg
傲脾氣,neg
傲慢,neg
傷心,neg
傷心死了,neg
傷害,neg
傷悲,neg
傷痛欲絕,neg
傷感,neg
傷感情,neg
傻子,neg
剽竊,neg
嗟歎,neg
嗤之以鼻,neg
嗚咽,neg
嗚哩哩,neg
嗚嗚咽咽,neg
嗆聲,neg
塞人,neg
塞八,neg
塞你娘雞吧,neg
塞你祖馬勒,neg
塞到,neg
塞拎娘,neg
塞哩幾摳碗粿,neg
嫉妒,neg
嫉羨,neg
嫌東嫌西,neg
嫌棄,neg
嫌貧,neg
嫌貧愛富,neg
嫌惡,neg
媽ㄉ,neg
媽的,neg
干！,neg
幹上,neg
干他,neg
干你,neg
干你老師,neg
干你娘,neg
干你娘老雞巴,neg
干你娘老雞麥,neg
干你桌來,neg
干你祖宗十八代,neg
干走,neg
干裡娘操雞麥,neg
干到最高點,neg
干你,neg
干你全家,neg
幹的好事,neg
乾娘,neg
干麻,neg
干瞧,neg
干礁,neg
乾聲連連,neg
干譙,neg
干醮,neg
干屄,neg
干恁,neg
干恁老老雞掰,neg
干恁娘,neg
徬徨,neg
愚弄,neg
愚昧,neg
愚癡,neg
愚蠢,neg
意亂,neg
感慨,neg
感傷,neg
感歎,neg
感覺不到,neg
愛吃,neg
愛面子,neg
愛莫能助,neg
惹人厭,neg
惹上,neg
惹毛,neg
惹到,neg
惹到你,neg
惹的禍,neg
惹禍,neg
愁眉,neg
愁眉苦臉,neg
愁苦,neg
慌亂,neg
慌慌張張,neg
愴然,neg
愧疚,neg
愧對,neg
搞了再說,neg
搞了鬼,neg
搞下去,neg
搞小動作,neg
搞小圈圈,neg
搞不懂,neg
搞什麼,neg
搞什麼名堂,neg
搞什麼玩意,neg
搞什麼飛機,neg
搞什麼鬼,neg
搞公關,neg
搞分裂,neg
搞台獨,neg
搞屁,neg
搞屁啊,neg
搞投機,neg
搞性,neg
搞的鬼,neg
搞封建,neg
搞政治,neg
搞政變,neg
搞飛機,neg
搞迷信,neg
搞鬥爭,neg
搞鬼,neg
搞婦運,neg
搞得,neg
搞得一團亂,neg
搞統一,neg
搞這一套,neg
搞陰謀,neg
搞援交,neg
搞階級鬥爭,neg
搞亂,neg
搞新聞,neg
搞違建,neg
搞獨立,neg
搞錢,neg
搞關係,neg
搞啥鬼,neg
搪塞,neg
搪塞過去,neg
搏鬥,neg
搶奪,neg
搖尾乞憐,neg
搗蛋,neg
敬陪末座,neg
新仇舊恨,neg
暗殺,neg
極端,neg
楞住,neg
歇斯底里,neg
毀容,neg
譭謗,neg
滅亡,neg
滅口,neg
滅絕,neg
溘逝,neg
煩心,neg
煩死,neg
煩死了,neg
煩悶,neg
煩惱,neg
煩躁,neg
煞費,neg
煞費苦心,neg
獅子大開口,neg
瑟縮,neg
當不了,neg
當不起,neg
當頭棒喝,neg
畸型,neg
碰壁,neg
萬劫不復,neg
經不起,neg
經受不起,neg
置之不理,neg
罪惡,neg
義憤填膺,neg
羨慕,neg
群魔亂舞,neg
肆行,neg
肆無忌憚,neg
腳踢,neg
腦滿腸肥,neg
落伍,neg
落空,neg
落荒而逃,neg
落淚,neg
落寞,neg
落魄,neg
落選,neg
葬身,neg
裝可憐,neg
裝死,neg
裝肖唯,neg
裝屎,neg
裝模做樣,neg
該死,neg
該死的,neg
詭不詭異,neg
詭異,neg
躲避,neg
較勁,neg
較量,neg
運氣好,neg
遊街,neg
遊街示眾,neg
道歉,neg
逼人,neg
逼上梁山,neg
逼不得已,neg
逼死,neg
逼走,neg
逼使,neg
逼供,neg
逼政,neg
逼迫,neg
逼退,neg
逼退回,neg
逼問,neg
逼視,neg
逼繳,neg
違反,neg
違抗,neg
違拗,neg
違建,neg
違約,neg
違背,neg
違悖,neg
違規,neg
違章,neg
違章式,neg
違禁,neg
遇刺,neg
遏止,neg
過不去,neg
過分,neg
過少,neg
過世,neg
過份,neg
過河拆橋,neg
過得去,neg
過意,neg
過意不去,neg
過節,neg
遍尋,neg
鉗制,neg
隔絕,neg
隔絕掉,neg
隔開,neg
隕落,neg
雷霹,neg
頑抗,neg
頑固,neg
像哈巴狗一樣,neg
匱乏,neg
厭倦,neg
厭惡,neg
厭煩,neg
嘀咕,neg
嘔吐,neg
嘔氣,neg
歎息,neg
歎氣,neg
對不起,neg
對付,neg
對付不了,neg
對立,neg
弊端,neg
彆扭,neg
慚不慚愧,neg
慚愧,neg
慘不忍睹,neg
慘死,neg
慘烈,neg
慘敗,neg
慘痛,neg
慘絕人寰,neg
慘綠,neg
慵懶,neg
摸不清,neg
槓上,neg
槍斃,neg
滾回去,neg
滾蛋,neg
滾遠,neg
漠不,neg
漠不關心,neg
漠然,neg
漠視,neg
漏氣,neg
漢奸,neg
滿腹疑雲,neg
滿臉橫肉,neg
滿臉爛肉,neg
煽風點火,neg
疑心,neg
疑心病,neg
疑忌,neg
疑神疑鬼,neg
疑問,neg
疑惑,neg
疑雲,neg
疑慮,neg
疑懼,neg
瘋子,neg
監獄,neg
睡不著,neg
禍延,neg
禍害,neg
禍國殃民,neg
窩囊,neg
管你去死,neg
管我,neg
算了,neg
算你厲害,neg
算啥,neg
精疲力竭,neg
精神分裂,neg
緊張,neg
腐朽,neg
舔鳥蛋,neg
蒙冤,neg
蒙羞,neg
認命,neg
誤人,neg
誤人子弟,neg
說打就打,neg
說粗話,neg
說鳥話,neg
說話不算話,neg
說夢,neg
說謊,neg
誘拐,neg
誘拐走,neg
誘騙,neg
趕快消失,neg
趕這樣說,neg
趕盡殺絕,neg
輕率,neg
輕視,neg
輕蔑,neg
輕薄,neg
遠點,neg
遜色,neg
鄙視,neg
駁斥,neg
骯髒,neg
僵持,neg
僵持不下,neg
厲聲,neg
嘮叨,neg
嘮裡嘮叨,neg
嘮嘮叨叨,neg
嘲弄,neg
嘲笑,neg
嘲諷,neg
嘴巴放乾淨一點,neg
嘴巴爛掉,neg
增惡,neg
墮落,neg
廢物,neg
廢話,neg
憂心,neg
憂心忡忡,neg
憂國憂民,neg
憂悶,neg
憂傷,neg
憂愁,neg
憂慮,neg
憂懼,neg
憂鬱,neg
憎恨,neg
憎惡,neg
憤而,neg
憤怒,neg
憤然,neg
憤憤,neg
憤憤不平,neg
憤憤然,neg
憤激,neg
憤懣,neg
憔悴,neg
摩擦,neg
撞死,neg
撞牆,neg
撐著,neg
撕破,neg
撕破臉,neg
敵視,neg
敵對,neg
暮氣沉沉,neg
暴力,neg
暴戾,neg
暴戾之氣,neg
暴客,neg
暴發,neg
暴發出,neg
暴發出來,neg
暴敵,neg
潑冷水,neg
潦倒,neg
潸然淚下,neg
瘦削,neg
瞎了狗眼,neg
瞎了眼,neg
瞎扯,neg
瞎眼,neg
嗔怒,neg
碼的,neg
窮途末路,neg
罵一頓,neg
罵人,neg
罵他,neg
罵他神經病,neg
罵出,neg
罵出來,neg
罵得狗血淋頭,neg
罵得很慘,neg
罵粗話,neg
罵髒話,neg
罷了,neg
罷黜,neg
膚淺,neg
蔑視,neg
沖三小,neg
沖天罵娘,neg
衝突,neg
衝動,neg
談不攏,neg
誰死誰亡,neg
誰來救救我,neg
誹謗,neg
豬八戒,neg
豬母,neg
豬狗,neg
豬狗不如,neg
豬哥,neg
豬就是豬,neg
豬頭,neg
賤人,neg
賤女人,neg
賤男人,neg
賤命,neg
賤命一條,neg
賤招,neg
賤貨,neg
賤種,neg
賭氣,neg
賣國,neg
質問,neg
適得其反,neg
遭殃,neg
遷怒,neg
醉醺醺,neg
震怒,neg
酶爛,neg
靠,neg
靠不住,neg
靠夭,neg
靠北,neg
靠母,neg
靠啊,neg
靠腰,neg
養不起,neg
養傷,neg
餓死,neg
餓死光,neg
餓昏,neg
餓饉,neg
駛你母,neg
鬧大,neg
鬧事,neg
鬧法庭,neg
鬧哄哄,neg
鬧革命,neg
鬧鬼,neg
鬧得不可開交,neg
鬧得不愉快,neg
鬧情緒,neg
鬧彆扭,neg
鬧僵,neg
鬧翻,neg
冀望,neg
凝重,neg
噪音,neg
器焰囂張,neg
學不來,neg
學壞,neg
憑什麼,neg
憾恨,neg
懊悔,neg
懊惱,neg
懈怠,neg
戰敗,neg
戰慄,neg
戰戰兢兢,neg
擅自,neg
操心,neg
操你,neg
操你母,neg
操你的,neg
操你媽,neg
操你個鬼,neg
擔心,neg
擔憂,neg
整死,neg
整垮,neg
橫刀奪愛,neg
橫肉,neg
橫行,neg
橫行霸道,neg
機八,neg
機八毛,neg
機八事,neg
機車,neg
機歪,neg
機買,neg
機機歪歪,neg
激怒,neg
激動,neg
激進,neg
激憤,neg
獨裁,neg
獨斷,neg
興歎,neg
諱言,neg
謀殺,neg
諷刺,neg
踹開,neg
輸家,neg
遲鈍,neg
遲緩,neg
遺憾,neg
錯的是你,neg
錯亂,neg
錐心,neg
隨你便,neg
隨便,neg
險惡,neg
頭皮發麻,neg
頭殼壞去,neg
頭殼壞掉,neg
頭痛,neg
頹喪,neg
默默,neg
默默承受,neg
嚇一跳,neg
嚇了一跳,neg
嚇到,neg
嚇壞,neg
壓抑,neg
壓抑住,neg
壓制,neg
尷尬,neg
懂個屁,neg
懦弱,neg
斃了,neg
斃了他,neg
斃了你,neg
濫打,neg
濫打人,neg
濫用,neg
濫用職權,neg
濫老師,neg
濫挖,neg
濫砍,neg
濫捕,neg
濫葬,neg
燦怒囂憎,neg
牆頭草兩邊倒,neg
瞧不起,neg
糞尿,neg
糟糕,neg
縫你嘴巴,neg
總行了吧,neg
膽小,neg
膽怯,neg
膽戰心驚,neg
虧死,neg
虧死了,neg
虧馬子,neg
覬覦,neg
謊言,neg
賽人,neg
賽人樣,neg
賽你娘,neg
賽林良,neg
避重就輕,neg
還不夠亂嗎,neg
還想怎樣,neg
還會做什麼,neg
醜八怪,neg
丑不拉嘰,neg
醜死,neg
醜死了,neg
醜男,neg
醜惡,neg
醜聞,neg
醜醜,neg
醜醜的,neg
斷掉,neg
藏刀,neg
藉口,neg
離我遠一點,neg
雜碎,neg
雞八,neg
雞巴,neg
雞巴毛,neg
雞屎肚,neg
雞歪,neg
鬆散,neg
壞心,neg
壞心腸,neg
壞水,neg
壞去,neg
壞孩子,neg
壞掉,neg
壞蛋,neg
壟斷,neg
懷疑,neg
懶趴,neg
懶得,neg
懶得理你,neg
懶惰,neg
癡人,neg
癡人說夢,neg
礙手礙腳,neg
礙眼,neg
關他屁事,neg
關我什麼事,neg
關我辟事,neg
難受,neg
難為情,neg
難看,neg
難看死了,neg
難過,neg
顛倒是非,neg
顛倒黑白,neg
騙吃混喝,neg
觸犯,neg
觸怒,neg
囂張,neg
懼怕,neg
爛人,neg
爛上,neg
爛上萬倍,neg
爛女人,neg
爛仗,neg
爛污貨,neg
爛老師,neg
爛肉,neg
爛車,neg
爛到,neg
爛到極點,neg
爛到爆,neg
爛校鳥系,neg
爛掉,neg
爛貨,neg
爛傢伙,neg
爛源,neg
爛學校,neg
爛戲,neg
蠢人,neg
蠢女,neg
蠢牛,neg
蠢呆,neg
蠢男,neg
蠢婦,neg
蠢蛋,neg
蠢斃,neg
蠢舉,neg
蠢翻,neg
蠢翻了,neg
蠢驢,neg
囉唆,neg
囉哩吧唆,neg
驕弱,neg
驕傲,neg
髒唐爛漢,neg
髒話,neg
變相,neg
變態,neg
驚人,neg
驚叫,neg
驚呼,neg
驚呼出來,neg
驚恐,neg
驚異,neg
驚訝,neg
驚愕,neg
驚惶,neg
驚慌,neg
驚慄,neg
驚跳,neg
驚歎,neg
驚歎,neg
驚醒,neg
驚險,neg
驚嚇,neg
驚擾,neg
驚覺,neg
讓人訐,neg
讓你好看,neg
讓你死,neg
鑽牛角尖,neg
鬱悶,neg
鬱結,neg
鬱鬱,neg
肏你,neg
剉小,neg
屌ㄌ,neg
屌什麼,neg
屌屁,neg
屌兒啷當,neg
屌琅當,neg
屌啥,neg
淒婉,neg
淒然,neg
淒愴,neg
孬種,neg
啥玩意,neg
揶揄,neg
捶胸頓足,neg
跩什麼,neg
跩什麼鬼,neg
跩什麼跩,neg
跩屁,neg
跩的二五八萬,neg
跩個屁,neg
骭林娘,neg
噁心,neg
噁心鬼,neg
憋死,neg
憋著,neg
蹩腳,neg
好難,neg
